timestamp,session_id,temperature,humidity,light,study_duration,posture,user_presence,owner_mode,focus_score,fatigue_score,productivity_class,recommendation
2026-06-27T13:31:54.593815,SESS_0001,25.2,50.5,512.4,6.8,Slight Lean,0,1,0.0,0.0,Inactive,User Absent
2026-06-27T13:56:54.593815,SESS_0001,26.6,52.0,530.5,49.3,Good,1,1,94.5,18.6,High Focus,Excellent Focus
2026-06-27T14:21:54.593815,SESS_0001,23.9,49.4,492.1,22.6,Moderate Lean,1,1,85.3,21.6,High Focus,Excellent Focus
2026-06-27T14:46:54.593815,SESS_0001,22.4,49.5,442.9,18.3,Good,1,1,98.5,5.7,High Focus,Excellent Focus
2026-06-27T15:11:54.593815,SESS_0001,24.6,46.0,452.8,37.4,Good,1,1,97.0,11.4,High Focus,Excellent Focus
2026-06-27T15:36:54.593815,SESS_0001,25.8,52.0,448.2,23.2,Good,1,1,96.0,8.2,High Focus,Excellent Focus
2026-06-27T16:01:54.593815,SESS_0001,25.7,46.7,490.4,31.6,Moderate Lean,0,1,0.0,0.0,Inactive,User Absent
2026-06-27T16:26:54.593815,SESS_0001,21.8,51.8,524.1,102.0,Slight Lean,1,1,85.1,39.4,High Focus,Excellent Focus
2026-06-27T16:51:54.593815,SESS_0001,22.4,48.5,457.0,13.2,Poor,1,0,78.3,35.3,Moderate Focus,Good Productivity
2026-06-27T17:16:54.593815,SESS_0001,24.7,53.0,524.4,52.2,Good,1,1,94.8,17.8,High Focus,Excellent Focus
2026-06-27T17:41:54.593815,SESS_0001,25.0,54.4,456.0,14.9,Moderate Lean,1,1,87.6,17.9,High Focus,Excellent Focus
2026-06-27T18:06:54.593815,SESS_0001,23.2,53.9,494.8,25.6,Poor,1,1,81.5,35.9,High Focus,Excellent Focus
2026-06-27T18:31:54.593815,SESS_0001,25.0,56.4,478.2,29.6,Moderate Lean,1,1,91.4,15.4,High Focus,Excellent Focus
2026-06-27T18:56:54.593815,SESS_0001,24.4,46.0,532.1,28.4,Slight Lean,1,0,90.1,17.5,High Focus,Excellent Focus
2026-06-27T19:21:54.593815,SESS_0001,26.6,49.2,439.6,106.2,Good,1,0,83.3,42.5,High Focus,Excellent Focus
2026-06-27T19:46:54.593815,SESS_0002,26.1,51.9,495.7,8.3,Good,1,1,97.2,6.3,High Focus,Excellent Focus
2026-06-27T20:11:54.593815,SESS_0002,23.5,49.9,460.4,68.2,Slight Lean,1,1,87.7,25.4,High Focus,Excellent Focus
2026-06-27T20:36:54.593815,SESS_0002,25.0,49.6,465.5,16.5,Good,1,1,96.9,7.8,High Focus,Excellent Focus
2026-06-27T21:01:54.593815,SESS_0002,27.1,51.6,492.9,131.3,Slight Lean,1,1,82.0,43.0,High Focus,Excellent Focus
2026-06-27T21:26:54.593815,SESS_0002,22.2,47.2,430.4,5.0,Slight Lean,1,1,91.8,13.1,High Focus,Excellent Focus
2026-06-27T21:51:54.593815,SESS_0002,24.2,52.1,478.3,150.0,Poor,1,1,65.7,72.5,Moderate Focus,Good Productivity
2026-06-27T22:16:54.593815,SESS_0002,22.9,48.3,518.7,52.1,Slight Lean,1,1,95.3,15.6,High Focus,Excellent Focus
2026-06-27T22:41:54.593815,SESS_0002,25.3,58.7,430.5,5.0,Good,0,1,0.0,0.0,Inactive,User Absent
2026-06-27T23:06:54.593815,SESS_0002,23.7,57.0,523.7,5.0,Good,1,1,93.5,7.9,High Focus,Excellent Focus
2026-06-27T23:31:54.593815,SESS_0002,23.0,52.7,434.0,110.4,Moderate Lean,1,1,81.7,42.7,High Focus,Excellent Focus
2026-06-27T23:56:54.593815,SESS_0002,23.3,49.8,507.8,43.2,Good,1,1,97.8,15.0,High Focus,Excellent Focus
2026-06-28T00:21:54.593815,SESS_0002,22.2,51.6,493.0,16.6,Good,1,1,98.0,8.1,High Focus,Excellent Focus
2026-06-28T00:46:54.593815,SESS_0002,23.3,53.2,540.9,5.0,Good,1,1,96.9,3.3,High Focus,Excellent Focus
2026-06-28T01:11:54.593815,SESS_0002,27.1,52.7,420.4,49.8,Good,1,1,95.1,16.2,High Focus,Excellent Focus
2026-06-28T01:36:54.593815,SESS_0002,22.9,53.7,543.4,75.7,Good,1,0,90.3,31.5,High Focus,Excellent Focus
2026-06-28T02:01:54.593815,SESS_0003,24.2,48.4,435.5,144.5,Good,1,1,82.3,44.0,High Focus,Excellent Focus
2026-06-28T02:26:54.593815,SESS_0003,24.2,55.2,506.9,27.9,Good,1,1,97.0,14.1,High Focus,Excellent Focus
2026-06-28T02:51:54.593815,SESS_0003,25.4,48.0,426.5,112.8,Poor,1,1,72.1,64.7,Moderate Focus,Good Productivity
2026-06-28T03:16:54.593815,SESS_0003,25.5,49.4,518.9,19.5,Moderate Lean,0,1,0.0,0.0,Inactive,User Absent
2026-06-28T03:41:54.593815,SESS_0003,23.9,54.0,490.7,110.1,Slight Lean,1,1,83.4,42.5,High Focus,Excellent Focus
2026-06-28T04:06:54.593815,SESS_0003,27.0,51.8,439.6,150.0,Slight Lean,1,1,78.7,44.6,Moderate Focus,Good Productivity
2026-06-28T04:31:54.593815,SESS_0003,25.0,53.0,534.2,17.8,Good,1,1,99.0,6.8,High Focus,Excellent Focus
2026-06-28T04:56:54.593815,SESS_0003,23.7,52.1,492.9,97.8,Good,1,1,91.8,38.4,High Focus,Excellent Focus
2026-06-28T05:21:54.593815,SESS_0003,25.3,55.0,527.7,88.3,Moderate Lean,1,1,83.9,36.4,High Focus,Excellent Focus
2026-06-28T05:46:54.593815,SESS_0003,22.4,51.6,437.2,5.0,Slight Lean,1,1,96.7,1.7,High Focus,Excellent Focus
2026-06-28T06:11:54.593815,SESS_0003,25.5,45.4,456.4,5.4,Slight Lean,1,1,95.1,8.6,High Focus,Excellent Focus
2026-06-28T06:36:54.593815,SESS_0003,24.7,52.9,416.5,5.0,Good,0,1,0.0,0.0,Inactive,User Absent
2026-06-28T07:01:54.593815,SESS_0003,24.6,48.7,587.2,51.8,Good,1,1,96.6,16.4,High Focus,Excellent Focus
2026-06-28T07:26:54.593815,SESS_0003,25.1,54.7,448.6,12.6,Moderate Lean,1,0,82.7,20.3,High Focus,Excellent Focus
2026-06-28T07:51:54.593815,SESS_0003,25.2,54.0,420.0,6.8,Moderate Lean,1,0,82.9,19.3,High Focus,Excellent Focus
2026-06-28T08:16:54.593815,SESS_0004,22.2,54.3,543.3,13.1,Good,1,1,99.6,5.2,High Focus,Excellent Focus
2026-06-28T08:41:54.593815,SESS_0004,22.4,49.3,543.3,5.0,Slight Lean,1,1,91.2,9.7,High Focus,Excellent Focus
2026-06-28T09:06:54.593815,SESS_0004,27.1,50.9,433.4,25.7,Good,1,1,94.4,10.2,High Focus,Excellent Focus
2026-06-28T09:31:54.593815,SESS_0004,26.8,46.0,458.0,18.8,Good,1,1,95.7,9.1,High Focus,Excellent Focus
2026-06-28T09:56:54.593815,SESS_0004,27.8,52.4,525.5,7.1,Slight Lean,1,1,92.4,8.5,High Focus,Excellent Focus
2026-06-28T10:21:54.593815,SESS_0004,24.6,49.7,485.7,19.7,Poor,1,1,83.1,32.9,High Focus,Excellent Focus
2026-06-28T10:46:54.593815,SESS_0004,27.5,53.4,483.5,19.5,Good,1,1,96.1,7.8,High Focus,Excellent Focus
2026-06-28T11:11:54.593815,SESS_0004,24.2,49.3,450.5,5.0,Good,1,1,98.7,4.0,High Focus,Excellent Focus
2026-06-28T11:36:54.593815,SESS_0004,26.5,52.3,509.1,65.1,Good,1,1,92.4,23.0,High Focus,Excellent Focus
2026-06-28T12:01:54.593815,SESS_0004,25.5,53.1,479.0,18.6,Good,1,1,97.1,6.5,High Focus,Excellent Focus
2026-06-28T12:26:54.593815,SESS_0004,26.1,56.4,458.0,56.2,Good,1,1,96.8,17.3,High Focus,Excellent Focus
2026-06-28T12:51:54.593815,SESS_0004,25.5,49.9,496.2,120.3,Good,1,1,87.9,40.0,High Focus,Excellent Focus
2026-06-28T13:16:54.593815,SESS_0004,26.0,44.7,457.7,15.9,Slight Lean,1,1,94.9,10.3,High Focus,Excellent Focus
2026-06-28T13:41:54.593815,SESS_0004,25.4,53.2,479.4,5.0,Moderate Lean,1,0,83.1,15.0,High Focus,Excellent Focus
2026-06-28T14:06:54.593815,SESS_0004,27.0,49.9,520.2,5.0,Good,1,1,97.0,3.4,High Focus,Excellent Focus
2026-06-28T14:31:54.593815,SESS_0005,23.3,51.9,492.2,5.0,Slight Lean,1,1,92.9,9.2,High Focus,Excellent Focus
2026-06-28T14:56:54.593815,SESS_0005,25.7,55.0,456.1,117.7,Good,1,1,85.4,39.3,High Focus,Excellent Focus
2026-06-28T15:21:54.593815,SESS_0005,24.9,56.2,522.9,5.0,Moderate Lean,1,1,88.0,12.8,High Focus,Excellent Focus
2026-06-28T15:46:54.593815,SESS_0005,24.5,48.6,477.6,5.1,Good,1,1,98.4,1.6,High Focus,Excellent Focus
2026-06-28T16:11:54.593815,SESS_0005,25.2,56.4,474.6,13.5,Good,1,1,97.4,5.5,High Focus,Excellent Focus
2026-06-28T16:36:54.593815,SESS_0005,25.1,51.2,529.2,150.0,Moderate Lean,1,0,72.1,51.7,Moderate Focus,Good Productivity
2026-06-28T17:01:54.593815,SESS_0005,24.5,52.7,552.6,24.2,Poor,1,1,82.6,37.3,High Focus,Excellent Focus
2026-06-28T17:26:54.593815,SESS_0005,27.0,50.6,528.8,38.7,Poor,1,1,78.0,42.8,Moderate Focus,Good Productivity
2026-06-28T17:51:54.593815,SESS_0005,21.5,49.2,442.0,146.6,Good,1,1,82.4,39.7,High Focus,Excellent Focus
2026-06-28T18:16:54.593815,SESS_0005,25.0,53.0,528.5,7.1,Good,1,1,94.4,10.1,High Focus,Excellent Focus
2026-06-28T18:41:54.593815,SESS_0005,26.2,49.4,394.3,140.1,Good,1,1,85.4,40.0,High Focus,Excellent Focus
2026-06-28T19:06:54.593815,SESS_0005,24.9,42.4,434.9,12.8,Good,1,1,95.8,7.5,High Focus,Excellent Focus
2026-06-28T19:31:54.593815,SESS_0005,23.9,53.2,426.6,123.2,Slight Lean,1,1,82.6,40.3,High Focus,Excellent Focus
2026-06-28T19:56:54.593815,SESS_0005,25.2,54.7,557.1,17.7,Good,1,1,96.7,6.6,High Focus,Excellent Focus
2026-06-28T20:21:54.593815,SESS_0005,26.7,51.4,539.0,32.1,Good,1,0,92.5,17.1,High Focus,Excellent Focus
2026-06-28T20:46:54.593815,SESS_0006,24.7,47.4,466.5,5.0,Slight Lean,1,1,95.3,8.0,High Focus,Excellent Focus
2026-06-28T21:11:54.593815,SESS_0006,23.1,53.4,532.9,19.9,Good,1,0,89.4,16.9,High Focus,Excellent Focus
2026-06-28T21:36:54.593815,SESS_0006,24.3,51.7,371.5,61.2,Good,1,1,96.3,16.9,High Focus,Excellent Focus
2026-06-28T22:01:54.593815,SESS_0006,22.1,50.8,499.2,27.1,Good,1,1,96.6,11.9,High Focus,Excellent Focus
2026-06-28T22:26:54.593815,SESS_0006,22.5,50.6,476.2,5.5,Good,1,1,97.1,2.9,High Focus,Excellent Focus
2026-06-28T22:51:54.593815,SESS_0006,23.8,47.3,476.9,44.1,Good,1,1,99.0,11.4,High Focus,Excellent Focus
2026-06-28T23:16:54.593815,SESS_0006,23.8,48.1,452.0,5.0,Poor,1,1,80.2,31.5,High Focus,Excellent Focus
2026-06-28T23:41:54.593815,SESS_0006,23.7,46.8,578.2,5.0,Good,1,1,95.7,6.3,High Focus,Excellent Focus
2026-06-29T00:06:54.593815,SESS_0006,26.2,54.0,449.0,55.2,Good,1,1,93.3,19.6,High Focus,Excellent Focus
2026-06-29T00:31:54.593815,SESS_0006,24.1,42.9,404.2,24.8,Good,1,1,97.9,9.6,High Focus,Excellent Focus
2026-06-29T00:56:54.593815,SESS_0006,23.1,51.1,528.4,30.4,Poor,1,1,80.2,38.0,High Focus,Excellent Focus
2026-06-29T01:21:54.593815,SESS_0006,22.3,51.7,442.2,5.0,Good,1,1,92.5,7.2,High Focus,Excellent Focus
2026-06-29T01:46:54.593815,SESS_0006,23.6,48.3,462.5,88.5,Moderate Lean,1,1,86.0,37.4,High Focus,Excellent Focus
2026-06-29T02:11:54.593815,SESS_0006,24.5,56.2,483.9,35.4,Moderate Lean,1,1,87.0,21.2,High Focus,Excellent Focus
2026-06-29T02:36:54.593815,SESS_0006,26.7,49.6,446.6,18.0,Poor,1,0,77.8,41.6,Moderate Focus,Good Productivity
2026-06-29T03:01:54.593815,SESS_0007,22.5,53.0,447.5,8.3,Moderate Lean,1,1,85.8,15.0,High Focus,Excellent Focus
2026-06-29T03:26:54.593815,SESS_0007,23.7,42.2,514.2,150.0,Poor,1,0,63.4,72.2,Fatigued,Take 5 Minute Break
2026-06-29T03:51:54.593815,SESS_0007,23.7,53.6,505.0,106.0,Good,1,1,87.7,40.4,High Focus,Excellent Focus
2026-06-29T04:16:54.593815,SESS_0007,26.8,54.3,441.9,8.3,Slight Lean,1,1,90.2,9.2,High Focus,Excellent Focus
2026-06-29T04:41:54.593815,SESS_0007,22.2,51.2,493.0,13.6,Slight Lean,1,1,91.5,10.2,High Focus,Excellent Focus
2026-06-29T05:06:54.593815,SESS_0007,24.9,60.7,399.4,5.0,Moderate Lean,1,0,80.9,19.8,High Focus,Excellent Focus
2026-06-29T05:31:54.593815,SESS_0007,25.9,49.0,521.8,57.1,Good,1,0,89.6,23.6,High Focus,Excellent Focus
2026-06-29T05:56:54.593815,SESS_0007,27.9,44.8,428.4,106.1,Slight Lean,1,1,83.6,40.5,High Focus,Excellent Focus
2026-06-29T06:21:54.593815,SESS_0007,24.6,50.5,538.4,6.0,Slight Lean,1,1,94.7,5.9,High Focus,Excellent Focus
2026-06-29T06:46:54.593815,SESS_0007,25.3,49.9,464.0,67.4,Good,1,1,94.7,25.3,High Focus,Excellent Focus
2026-06-29T07:11:54.593815,SESS_0007,25.7,49.9,540.1,23.1,Moderate Lean,1,1,87.2,17.6,High Focus,Excellent Focus
2026-06-29T07:36:54.593815,SESS_0007,21.4,54.7,437.8,27.9,Slight Lean,1,0,88.3,18.3,High Focus,Excellent Focus
2026-06-29T08:01:54.593815,SESS_0007,25.7,43.3,491.8,5.0,Good,1,1,98.2,3.3,High Focus,Excellent Focus
2026-06-29T08:26:54.593815,SESS_0007,25.3,47.9,460.0,63.2,Moderate Lean,1,1,87.0,32.2,High Focus,Excellent Focus
2026-06-29T08:51:54.593815,SESS_0007,24.8,51.9,457.0,11.4,Good,1,1,95.3,9.8,High Focus,Excellent Focus
2026-06-29T09:16:54.593815,SESS_0008,25.1,49.8,521.5,68.9,Moderate Lean,1,1,85.3,30.5,High Focus,Excellent Focus
2026-06-29T09:41:54.593815,SESS_0008,23.9,52.3,517.8,50.9,Good,1,1,94.7,20.1,High Focus,Excellent Focus
2026-06-29T10:06:54.593815,SESS_0008,25.9,45.3,494.0,17.0,Poor,1,1,77.0,41.5,Moderate Focus,Good Productivity
2026-06-29T10:31:54.593815,SESS_0008,25.4,50.8,494.0,28.2,Good,1,1,95.3,11.4,High Focus,Excellent Focus
2026-06-29T10:56:54.593815,SESS_0008,24.6,57.2,509.5,102.3,Poor,1,1,72.4,65.3,Moderate Focus,Good Productivity
2026-06-29T11:21:54.593815,SESS_0008,27.1,55.7,559.7,108.9,Moderate Lean,1,1,76.9,48.0,Moderate Focus,Good Productivity
2026-06-29T11:46:54.593815,SESS_0008,25.6,59.9,506.2,20.4,Good,1,1,96.1,8.4,High Focus,Excellent Focus
2026-06-29T12:11:54.593815,SESS_0008,23.1,45.2,521.2,17.0,Good,1,1,96.6,9.6,High Focus,Excellent Focus
2026-06-29T12:36:54.593815,SESS_0008,23.4,45.7,467.0,24.1,Good,1,1,95.9,9.7,High Focus,Excellent Focus
2026-06-29T13:01:54.593815,SESS_0008,20.7,50.8,468.5,34.8,Good,1,1,96.3,10.9,High Focus,Excellent Focus
2026-06-29T13:26:54.593815,SESS_0008,25.2,48.2,471.8,150.0,Moderate Lean,1,1,80.3,44.8,High Focus,Excellent Focus
2026-06-29T13:51:54.593815,SESS_0008,24.5,50.9,489.9,9.2,Slight Lean,1,1,94.5,11.7,High Focus,Excellent Focus
2026-06-29T14:16:54.593815,SESS_0008,23.0,55.9,347.0,23.2,Good,1,0,92.3,10.4,High Focus,Excellent Focus
2026-06-29T14:41:54.593815,SESS_0008,24.0,49.7,409.6,41.3,Poor,1,1,78.2,43.6,Moderate Focus,Good Productivity
2026-06-29T15:06:54.593815,SESS_0008,24.4,52.7,441.4,43.0,Good,1,1,98.1,11.0,High Focus,Excellent Focus
2026-06-29T15:31:54.593815,SESS_0009,23.8,52.7,418.9,5.0,Slight Lean,1,1,93.9,8.6,High Focus,Excellent Focus
2026-06-29T15:56:54.593815,SESS_0009,23.2,51.8,492.6,20.2,Good,1,1,95.0,11.0,High Focus,Excellent Focus
2026-06-29T16:21:54.593815,SESS_0009,25.3,49.9,496.3,21.9,Good,1,0,91.8,11.8,High Focus,Excellent Focus
2026-06-29T16:46:54.593815,SESS_0009,23.4,55.6,392.3,12.5,Poor,1,1,75.8,42.0,Moderate Focus,Good Productivity
2026-06-29T17:11:54.593815,SESS_0009,21.6,56.9,490.6,57.7,Slight Lean,1,1,90.4,25.5,High Focus,Excellent Focus
2026-06-29T17:36:54.593815,SESS_0009,24.5,49.8,547.3,5.0,Good,1,1,97.9,0.8,High Focus,Excellent Focus
2026-06-29T18:01:54.593815,SESS_0009,22.6,53.6,488.5,150.0,Good,1,1,82.8,40.3,High Focus,Excellent Focus
2026-06-29T18:26:54.593815,SESS_0009,24.6,45.3,507.6,32.3,Good,1,1,99.7,9.1,High Focus,Excellent Focus
2026-06-29T18:51:54.593815,SESS_0009,24.9,54.4,563.3,7.7,Good,1,0,94.8,6.9,High Focus,Excellent Focus
2026-06-29T19:16:54.593815,SESS_0009,25.6,52.3,361.5,5.0,Good,1,1,95.2,5.0,High Focus,Excellent Focus
2026-06-29T19:41:54.593815,SESS_0009,24.8,48.4,449.4,13.6,Moderate Lean,1,1,85.4,20.0,High Focus,Excellent Focus
2026-06-29T20:06:54.593815,SESS_0009,23.3,53.0,392.3,25.9,Good,0,1,0.0,0.0,Inactive,User Absent
2026-06-29T20:31:54.593815,SESS_0009,25.2,51.6,437.1,5.0,Good,1,1,97.7,4.5,High Focus,Excellent Focus
2026-06-29T20:56:54.593815,SESS_0009,22.4,51.0,447.1,36.3,Good,1,1,97.9,10.1,High Focus,Excellent Focus
2026-06-29T21:21:54.593815,SESS_0009,24.5,57.2,448.7,11.3,Good,1,1,100.0,3.6,High Focus,Excellent Focus
2026-06-29T21:46:54.593815,SESS_0010,25.2,47.2,526.5,35.7,Good,1,1,95.5,13.1,High Focus,Excellent Focus
2026-06-29T22:11:54.593815,SESS_0010,24.4,53.2,488.9,82.5,Slight Lean,1,1,87.1,34.8,High Focus,Excellent Focus
2026-06-29T22:36:54.593815,SESS_0010,25.4,55.5,533.1,75.7,Slight Lean,1,1,89.2,27.2,High Focus,Excellent Focus
2026-06-29T23:01:54.593815,SESS_0010,25.1,51.7,493.6,98.8,Good,0,1,0.0,0.0,Inactive,User Absent
2026-06-29T23:26:54.593815,SESS_0010,22.7,52.6,469.3,141.7,Good,1,0,80.5,45.5,High Focus,Excellent Focus
2026-06-29T23:51:54.593815,SESS_0010,24.5,51.1,526.9,5.0,Good,1,1,96.6,2.5,High Focus,Excellent Focus
2026-06-30T00:16:54.593815,SESS_0010,25.2,47.4,543.9,51.6,Slight Lean,1,1,92.2,20.0,High Focus,Excellent Focus
2026-06-30T00:41:54.593815,SESS_0010,26.5,51.7,531.6,86.9,Slight Lean,0,1,0.0,0.0,Inactive,User Absent
2026-06-30T01:06:54.593815,SESS_0010,22.4,46.3,509.3,5.0,Slight Lean,1,1,93.2,9.6,High Focus,Excellent Focus
2026-06-30T01:31:54.593815,SESS_0010,23.8,55.9,594.9,82.8,Good,1,1,89.6,28.6,High Focus,Excellent Focus
2026-06-30T01:56:54.593815,SESS_0010,22.0,47.9,519.7,5.0,Good,1,1,93.3,6.6,High Focus,Excellent Focus
2026-06-30T02:21:54.593815,SESS_0010,23.1,48.3,478.3,19.4,Good,1,1,97.2,6.0,High Focus,Excellent Focus
2026-06-30T02:46:54.593815,SESS_0010,25.5,50.4,438.7,84.5,Poor,1,1,75.0,59.1,Moderate Focus,Good Productivity
2026-06-30T03:11:54.593815,SESS_0010,22.9,52.3,488.3,37.4,Moderate Lean,1,1,89.1,17.9,High Focus,Excellent Focus
2026-06-30T03:36:54.593815,SESS_0010,24.6,49.2,450.1,8.3,Good,1,1,95.8,8.1,High Focus,Excellent Focus
2026-06-30T04:01:54.593815,SESS_0011,26.5,49.0,438.4,67.7,Moderate Lean,1,1,84.9,31.0,High Focus,Excellent Focus
2026-06-30T04:26:54.593815,SESS_0011,23.5,59.3,526.9,34.7,Good,1,1,94.9,13.2,High Focus,Excellent Focus
2026-06-30T04:51:54.593815,SESS_0011,24.9,52.2,512.9,5.0,Slight Lean,1,1,98.4,0.2,High Focus,Excellent Focus
2026-06-30T05:16:54.593815,SESS_0011,22.7,54.1,432.5,27.4,Good,1,1,94.1,13.1,High Focus,Excellent Focus
2026-06-30T05:41:54.593815,SESS_0011,24.5,55.2,606.3,69.6,Good,1,1,91.2,28.2,High Focus,Excellent Focus
2026-06-30T06:06:54.593815,SESS_0011,22.9,45.3,503.1,84.4,Good,1,1,92.9,29.9,High Focus,Excellent Focus
2026-06-30T06:31:54.593815,SESS_0011,25.6,52.8,533.3,38.6,Slight Lean,1,1,95.7,13.0,High Focus,Excellent Focus
2026-06-30T06:56:54.593815,SESS_0011,25.2,49.7,438.3,54.4,Good,1,1,96.0,17.0,High Focus,Excellent Focus
2026-06-30T07:21:54.593815,SESS_0011,24.5,55.5,489.6,40.0,Good,1,1,97.7,13.4,High Focus,Excellent Focus
2026-06-30T07:46:54.593815,SESS_0011,22.6,56.2,490.7,5.0,Slight Lean,1,1,93.5,10.1,High Focus,Excellent Focus
2026-06-30T08:11:54.593815,SESS_0011,24.4,52.0,510.4,5.0,Good,0,1,0.0,0.0,Inactive,User Absent
2026-06-30T08:36:54.593815,SESS_0011,24.8,51.6,500.4,5.0,Slight Lean,1,1,96.9,2.8,High Focus,Excellent Focus
2026-06-30T09:01:54.593815,SESS_0011,24.7,48.5,539.8,5.0,Good,1,1,94.1,7.7,High Focus,Excellent Focus
2026-06-30T09:26:54.593815,SESS_0011,23.8,50.5,378.2,58.9,Slight Lean,1,1,88.9,28.6,High Focus,Excellent Focus
2026-06-30T09:51:54.593815,SESS_0011,22.5,43.3,502.0,47.3,Good,0,1,0.0,0.0,Inactive,User Absent
2026-06-30T10:16:54.593815,SESS_0012,23.8,54.9,545.5,12.8,Slight Lean,1,1,94.4,8.7,High Focus,Excellent Focus
2026-06-30T10:41:54.593815,SESS_0012,27.1,47.3,403.7,150.0,Good,1,1,79.4,46.9,Moderate Focus,Good Productivity
2026-06-30T11:06:54.593815,SESS_0012,24.2,48.5,446.5,5.0,Good,1,1,94.3,9.1,High Focus,Excellent Focus
2026-06-30T11:31:54.593815,SESS_0012,24.4,54.9,497.1,58.9,Good,1,0,93.5,21.9,High Focus,Excellent Focus
2026-06-30T11:56:54.593815,SESS_0012,25.4,47.7,496.2,5.0,Good,1,1,97.8,4.5,High Focus,Excellent Focus
2026-06-30T12:21:54.593815,SESS_0012,24.4,56.0,446.2,9.0,Good,1,1,100.0,1.1,High Focus,Excellent Focus
2026-06-30T12:46:54.593815,SESS_0012,24.5,45.4,508.2,63.9,Good,1,1,94.5,18.6,High Focus,Excellent Focus
2026-06-30T13:11:54.593815,SESS_0012,23.9,42.5,400.8,47.5,Good,1,0,92.7,19.7,High Focus,Excellent Focus
2026-06-30T13:36:54.593815,SESS_0012,25.2,50.9,451.4,5.0,Good,1,1,96.7,2.8,High Focus,Excellent Focus
2026-06-30T14:01:54.593815,SESS_0012,26.6,54.1,469.0,15.8,Slight Lean,1,1,92.6,10.0,High Focus,Excellent Focus
2026-06-30T14:26:54.593815,SESS_0012,24.6,50.1,475.7,5.0,Slight Lean,1,1,92.5,8.3,High Focus,Excellent Focus
2026-06-30T14:51:54.593815,SESS_0012,27.0,53.2,451.4,7.3,Good,1,0,92.9,9.3,High Focus,Excellent Focus
2026-06-30T15:16:54.593815,SESS_0012,23.4,57.3,497.9,81.9,Slight Lean,1,1,90.7,30.7,High Focus,Excellent Focus
2026-06-30T15:41:54.593815,SESS_0012,26.0,49.1,545.9,24.1,Slight Lean,1,1,93.3,13.3,High Focus,Excellent Focus
2026-06-30T16:06:54.593815,SESS_0012,27.6,49.7,490.2,5.0,Slight Lean,1,0,88.0,12.5,High Focus,Excellent Focus
2026-06-30T16:31:54.593815,SESS_0013,24.1,52.5,506.1,43.0,Moderate Lean,1,0,84.5,30.7,High Focus,Excellent Focus
2026-06-30T16:56:54.593815,SESS_0013,24.4,47.7,517.7,150.0,Good,1,1,84.5,40.7,High Focus,Excellent Focus
2026-06-30T17:21:54.593815,SESS_0013,25.4,47.4,467.1,81.1,Poor,1,1,72.6,61.1,Moderate Focus,Good Productivity
2026-06-30T17:46:54.593815,SESS_0013,25.7,44.5,434.9,18.5,Good,1,1,95.9,10.3,High Focus,Excellent Focus
2026-06-30T18:11:54.593815,SESS_0013,26.9,49.4,533.9,92.4,Good,1,1,89.8,30.9,High Focus,Excellent Focus
2026-06-30T18:36:54.593815,SESS_0013,23.7,53.8,489.0,9.5,Slight Lean,1,1,96.9,7.5,High Focus,Excellent Focus
2026-06-30T19:01:54.593815,SESS_0013,23.6,52.4,504.7,7.9,Slight Lean,1,1,94.7,7.8,High Focus,Excellent Focus
2026-06-30T19:26:54.593815,SESS_0013,24.1,45.2,477.5,81.8,Good,1,1,94.0,22.2,High Focus,Excellent Focus
2026-06-30T19:51:54.593815,SESS_0013,26.1,44.9,461.9,139.5,Moderate Lean,1,0,69.7,56.5,Moderate Focus,Good Productivity
2026-06-30T20:16:54.593815,SESS_0013,22.8,54.9,444.6,5.6,Poor,1,1,79.1,35.0,Moderate Focus,Good Productivity
2026-06-30T20:41:54.593815,SESS_0013,24.6,46.5,529.8,22.5,Slight Lean,1,1,93.0,13.6,High Focus,Excellent Focus
2026-06-30T21:06:54.593815,SESS_0013,22.6,48.1,506.0,7.3,Poor,1,1,79.9,37.0,Moderate Focus,Good Productivity
2026-06-30T21:31:54.593815,SESS_0013,25.0,52.5,531.5,9.2,Good,1,1,97.5,4.3,High Focus,Excellent Focus
2026-06-30T21:56:54.593815,SESS_0013,23.7,51.2,445.6,110.3,Slight Lean,1,1,86.4,38.5,High Focus,Excellent Focus
2026-06-30T22:21:54.593815,SESS_0013,24.6,44.0,525.8,24.3,Moderate Lean,1,1,89.2,13.7,High Focus,Excellent Focus
2026-06-30T22:46:54.593815,SESS_0014,28.6,48.0,500.2,5.0,Good,1,1,97.5,2.2,High Focus,Excellent Focus
2026-06-30T23:11:54.593815,SESS_0014,25.4,47.3,448.8,81.0,Good,0,1,0.0,0.0,Inactive,User Absent
2026-06-30T23:36:54.593815,SESS_0014,27.2,52.9,434.1,72.8,Good,1,1,91.5,27.2,High Focus,Excellent Focus
2026-07-01T00:01:54.593815,SESS_0014,27.9,50.8,490.1,5.0,Good,1,1,97.8,3.7,High Focus,Excellent Focus
2026-07-01T00:26:54.593815,SESS_0014,25.1,47.2,513.4,43.0,Good,0,1,0.0,0.0,Inactive,User Absent
2026-07-01T00:51:54.593815,SESS_0014,26.8,47.0,495.1,150.0,Good,1,1,81.6,44.9,High Focus,Excellent Focus
2026-07-01T01:16:54.593815,SESS_0014,24.1,52.2,551.8,53.6,Slight Lean,1,1,91.9,22.9,High Focus,Excellent Focus
2026-07-01T01:41:54.593815,SESS_0014,26.2,46.7,509.9,63.9,Good,1,0,92.3,25.6,High Focus,Excellent Focus
2026-07-01T02:06:54.593815,SESS_0014,24.1,51.4,428.6,5.0,Good,1,1,94.1,5.0,High Focus,Excellent Focus
2026-07-01T02:31:54.593815,SESS_0014,26.7,48.0,430.4,10.8,Slight Lean,1,1,87.5,13.3,High Focus,Excellent Focus
2026-07-01T02:56:54.593815,SESS_0014,23.7,51.6,445.0,44.1,Good,1,1,95.0,19.4,High Focus,Excellent Focus
2026-07-01T03:21:54.593815,SESS_0014,25.9,49.9,355.0,5.0,Slight Lean,1,1,95.4,4.1,High Focus,Excellent Focus
2026-07-01T03:46:54.593815,SESS_0014,22.4,56.1,388.8,30.5,Good,1,0,93.1,15.4,High Focus,Excellent Focus
2026-07-01T04:11:54.593815,SESS_0014,25.3,54.0,517.9,11.2,Good,1,1,97.6,4.9,High Focus,Excellent Focus
2026-07-01T04:36:54.593815,SESS_0014,25.3,50.9,432.5,11.9,Good,1,1,94.2,7.1,High Focus,Excellent Focus
2026-07-01T05:01:54.593815,SESS_0015,24.8,55.9,525.9,50.4,Poor,1,1,76.9,46.8,Moderate Focus,Good Productivity
2026-07-01T05:26:54.593815,SESS_0015,22.3,50.5,472.0,45.7,Good,1,1,96.3,13.1,High Focus,Excellent Focus
2026-07-01T05:51:54.593815,SESS_0015,23.7,52.1,400.4,131.8,Good,0,1,0.0,0.0,Inactive,User Absent
2026-07-01T06:16:54.593815,SESS_0015,25.1,55.9,476.2,32.0,Good,1,1,97.1,10.3,High Focus,Excellent Focus
2026-07-01T06:41:54.593815,SESS_0015,24.7,52.9,482.4,10.4,Slight Lean,1,1,94.4,8.9,High Focus,Excellent Focus
2026-07-01T07:06:54.593815,SESS_0015,22.7,55.0,465.0,92.1,Good,1,1,87.4,34.6,High Focus,Excellent Focus
2026-07-01T07:31:54.593815,SESS_0015,23.5,54.1,465.3,44.1,Good,1,1,99.0,12.4,High Focus,Excellent Focus
2026-07-01T07:56:54.593815,SESS_0015,23.4,58.8,418.1,7.4,Good,1,1,96.1,6.4,High Focus,Excellent Focus
2026-07-01T08:21:54.593815,SESS_0015,24.2,50.5,482.2,37.4,Moderate Lean,1,0,85.4,21.6,High Focus,Excellent Focus
2026-07-01T08:46:54.593815,SESS_0015,24.9,56.1,395.7,27.5,Slight Lean,1,0,86.8,22.5,High Focus,Excellent Focus
2026-07-01T09:11:54.593815,SESS_0015,26.8,49.1,508.4,12.8,Slight Lean,1,1,96.5,5.0,High Focus,Excellent Focus
2026-07-01T09:36:54.593815,SESS_0015,23.5,48.9,470.1,29.3,Good,1,1,97.4,7.6,High Focus,Excellent Focus
2026-07-01T10:01:54.593815,SESS_0015,25.0,53.9,380.3,16.2,Slight Lean,1,1,92.4,12.7,High Focus,Excellent Focus
2026-07-01T10:26:54.593815,SESS_0015,27.2,50.1,566.3,5.0,Good,1,1,96.1,5.3,High Focus,Excellent Focus
2026-07-01T10:51:54.593815,SESS_0015,25.3,47.8,488.5,5.0,Poor,1,1,78.3,37.3,Moderate Focus,Good Productivity
2026-07-01T11:16:54.593815,SESS_0016,24.1,55.6,419.3,63.5,Slight Lean,1,1,87.9,27.5,High Focus,Excellent Focus
2026-07-01T11:41:54.593815,SESS_0016,26.2,51.5,596.0,5.0,Good,1,1,95.6,4.9,High Focus,Excellent Focus
2026-07-01T12:06:54.593815,SESS_0016,25.0,52.8,509.1,49.3,Good,1,0,92.0,18.3,High Focus,Excellent Focus
2026-07-01T12:31:54.593815,SESS_0016,21.9,52.8,424.8,36.7,Good,1,1,90.2,20.2,High Focus,Excellent Focus
2026-07-01T12:56:54.593815,SESS_0016,24.5,51.9,479.9,76.3,Good,1,1,94.0,24.9,High Focus,Excellent Focus
2026-07-01T13:21:54.593815,SESS_0016,25.8,50.0,493.4,62.4,Slight Lean,1,1,92.5,22.3,High Focus,Excellent Focus
2026-07-01T13:46:54.593815,SESS_0016,24.2,46.8,462.3,47.5,Poor,1,1,80.5,43.4,High Focus,Excellent Focus
2026-07-01T14:11:54.593815,SESS_0016,26.0,52.7,478.7,37.3,Slight Lean,1,1,95.0,13.3,High Focus,Excellent Focus
2026-07-01T14:36:54.593815,SESS_0016,25.2,42.2,483.2,6.3,Good,1,1,95.5,5.8,High Focus,Excellent Focus
2026-07-01T15:01:54.593815,SESS_0016,24.6,52.9,476.5,14.9,Moderate Lean,1,1,89.8,9.6,High Focus,Excellent Focus
2026-07-01T15:26:54.593815,SESS_0016,24.9,52.0,440.3,9.7,Good,1,1,99.6,4.7,High Focus,Excellent Focus
2026-07-01T15:51:54.593815,SESS_0016,24.2,56.2,487.4,150.0,Good,1,1,83.3,40.9,High Focus,Excellent Focus
2026-07-01T16:16:54.593815,SESS_0016,23.9,49.7,444.7,5.0,Slight Lean,1,1,92.6,8.9,High Focus,Excellent Focus
2026-07-01T16:41:54.593815,SESS_0016,24.7,51.0,501.8,14.6,Good,1,0,97.1,7.3,High Focus,Excellent Focus
2026-07-01T17:06:54.593815,SESS_0016,27.7,47.3,469.6,87.1,Good,1,1,87.1,34.3,High Focus,Excellent Focus
2026-07-01T17:31:54.593815,SESS_0017,22.9,44.7,507.1,58.7,Good,1,1,96.3,18.3,High Focus,Excellent Focus
2026-07-01T17:56:54.593815,SESS_0017,24.3,49.6,479.2,12.0,Slight Lean,1,1,93.4,10.2,High Focus,Excellent Focus
2026-07-01T18:21:54.593815,SESS_0017,22.4,51.6,479.2,5.0,Slight Lean,1,0,90.8,7.5,High Focus,Excellent Focus
2026-07-01T18:46:54.593815,SESS_0017,27.4,46.8,478.0,15.7,Slight Lean,1,1,91.9,14.6,High Focus,Excellent Focus
2026-07-01T19:11:54.593815,SESS_0017,22.6,45.4,553.6,89.1,Moderate Lean,1,1,80.7,43.3,High Focus,Excellent Focus
2026-07-01T19:36:54.593815,SESS_0017,22.9,45.4,459.7,73.5,Slight Lean,1,0,89.9,27.6,High Focus,Excellent Focus
2026-07-01T20:01:54.593815,SESS_0017,25.5,52.0,545.1,5.0,Good,1,1,99.6,0.0,High Focus,Excellent Focus
2026-07-01T20:26:54.593815,SESS_0017,24.6,51.3,566.1,45.6,Moderate Lean,1,1,87.2,24.5,High Focus,Excellent Focus
2026-07-01T20:51:54.593815,SESS_0017,22.6,47.6,540.0,43.3,Good,1,1,94.6,15.5,High Focus,Excellent Focus
2026-07-01T21:16:54.593815,SESS_0017,23.9,52.0,444.6,57.8,Slight Lean,1,1,93.6,19.7,High Focus,Excellent Focus
2026-07-01T21:41:54.593815,SESS_0017,22.5,56.3,463.9,38.2,Good,1,1,95.0,15.5,High Focus,Excellent Focus
2026-07-01T22:06:54.593815,SESS_0017,26.2,49.0,481.9,138.3,Good,1,1,83.6,42.8,High Focus,Excellent Focus
2026-07-01T22:31:54.593815,SESS_0017,24.6,51.9,556.4,66.8,Good,1,1,95.1,20.3,High Focus,Excellent Focus
2026-07-01T22:56:54.593815,SESS_0017,25.0,52.9,469.5,10.2,Good,1,1,94.9,4.7,High Focus,Excellent Focus
2026-07-01T23:21:54.593815,SESS_0017,27.4,47.1,468.9,87.2,Slight Lean,1,1,86.2,33.6,High Focus,Excellent Focus
2026-07-01T23:46:54.593815,SESS_0018,25.8,52.1,493.3,75.0,Poor,1,1,76.8,54.4,Moderate Focus,Good Productivity
2026-07-02T00:11:54.593815,SESS_0018,24.2,56.6,504.5,59.9,Good,1,1,97.0,16.4,High Focus,Excellent Focus
2026-07-02T00:36:54.593815,SESS_0018,25.2,52.1,481.5,110.8,Good,1,1,89.8,34.2,High Focus,Excellent Focus
2026-07-02T01:01:54.593815,SESS_0018,23.8,53.1,541.9,52.8,Slight Lean,1,1,92.4,24.3,High Focus,Excellent Focus
2026-07-02T01:26:54.593815,SESS_0018,26.0,44.4,483.9,33.3,Moderate Lean,1,0,85.9,23.0,High Focus,Excellent Focus
2026-07-02T01:51:54.593815,SESS_0018,26.3,53.4,473.1,5.0,Moderate Lean,1,1,85.1,17.4,High Focus,Excellent Focus
2026-07-02T02:16:54.593815,SESS_0018,23.2,55.5,458.9,9.1,Good,1,1,99.3,3.6,High Focus,Excellent Focus
2026-07-02T02:41:54.593815,SESS_0018,22.8,52.6,539.8,32.3,Poor,1,1,78.6,39.3,Moderate Focus,Good Productivity
2026-07-02T03:06:54.593815,SESS_0018,23.0,49.4,439.0,83.7,Good,1,1,94.4,25.9,High Focus,Excellent Focus
2026-07-02T03:31:54.593815,SESS_0018,24.8,54.3,409.1,47.6,Moderate Lean,1,1,83.1,30.5,High Focus,Excellent Focus
2026-07-02T03:56:54.593815,SESS_0018,23.7,51.6,438.2,26.2,Slight Lean,1,1,91.9,14.9,High Focus,Excellent Focus
2026-07-02T04:21:54.593815,SESS_0018,26.7,58.0,583.1,45.1,Good,1,1,96.5,13.8,High Focus,Excellent Focus
2026-07-02T04:46:54.593815,SESS_0018,25.7,51.0,545.6,5.0,Good,1,1,96.1,4.5,High Focus,Excellent Focus
2026-07-02T05:11:54.593815,SESS_0018,25.5,54.3,484.4,23.2,Good,1,1,99.8,5.4,High Focus,Excellent Focus
2026-07-02T05:36:54.593815,SESS_0018,23.3,48.0,473.2,10.0,Good,1,1,99.8,3.6,High Focus,Excellent Focus
2026-07-02T06:01:54.593815,SESS_0019,23.1,57.5,541.1,5.0,Good,1,1,96.8,6.2,High Focus,Excellent Focus
2026-07-02T06:26:54.593815,SESS_0019,24.1,55.2,383.1,35.4,Slight Lean,1,1,90.6,16.6,High Focus,Excellent Focus
2026-07-02T06:51:54.593815,SESS_0019,24.7,44.8,496.2,12.0,Slight Lean,0,1,0.0,0.0,Inactive,User Absent
2026-07-02T07:16:54.593815,SESS_0019,24.3,54.6,470.3,73.8,Slight Lean,1,1,91.2,26.5,High Focus,Excellent Focus
2026-07-02T07:41:54.593815,SESS_0019,22.9,40.9,478.6,23.0,Slight Lean,1,1,96.1,11.0,High Focus,Excellent Focus
2026-07-02T08:06:54.593815,SESS_0019,25.6,52.2,425.1,5.8,Good,0,1,0.0,0.0,Inactive,User Absent
2026-07-02T08:31:54.593815,SESS_0019,25.6,55.3,475.0,12.1,Slight Lean,1,1,92.8,10.8,High Focus,Excellent Focus
2026-07-02T08:56:54.593815,SESS_0019,24.2,48.1,433.9,57.0,Good,1,1,97.9,15.9,High Focus,Excellent Focus
2026-07-02T09:21:54.593815,SESS_0019,24.5,48.4,358.8,17.1,Slight Lean,1,1,93.5,11.1,High Focus,Excellent Focus
2026-07-02T09:46:54.593815,SESS_0019,24.6,53.5,484.8,5.0,Good,1,1,94.5,6.0,High Focus,Excellent Focus
2026-07-02T10:11:54.593815,SESS_0019,25.6,46.6,494.7,24.9,Good,1,1,94.4,11.9,High Focus,Excellent Focus
2026-07-02T10:36:54.593815,SESS_0019,25.0,48.2,464.2,6.6,Moderate Lean,1,1,86.9,13.5,High Focus,Excellent Focus
2026-07-02T11:01:54.593815,SESS_0019,24.8,55.0,429.2,78.7,Good,1,1,91.9,27.3,High Focus,Excellent Focus
2026-07-02T11:26:54.593815,SESS_0019,24.7,52.3,570.6,5.0,Slight Lean,1,0,87.6,9.3,High Focus,Excellent Focus
2026-07-02T11:51:54.593815,SESS_0019,25.1,54.2,361.9,42.1,Good,1,1,92.3,17.2,High Focus,Excellent Focus
2026-07-02T12:16:54.593815,SESS_0020,24.6,55.9,482.9,24.6,Poor,1,1,79.8,37.2,Moderate Focus,Good Productivity
2026-07-02T12:41:54.593815,SESS_0020,23.8,47.7,486.1,9.2,Good,1,1,100.0,1.8,High Focus,Excellent Focus
2026-07-02T13:06:54.593815,SESS_0020,25.2,52.1,478.4,59.1,Good,1,1,97.2,17.5,High Focus,Excellent Focus
2026-07-02T13:31:54.593815,SESS_0020,24.2,62.2,494.9,69.1,Good,1,1,92.2,27.0,High Focus,Excellent Focus
2026-07-02T13:56:54.593815,SESS_0020,23.7,44.6,490.0,63.0,Good,1,1,98.5,18.9,High Focus,Excellent Focus
2026-07-02T14:21:54.593815,SESS_0020,23.9,55.5,483.4,6.9,Slight Lean,1,1,95.5,7.7,High Focus,Excellent Focus
2026-07-02T14:46:54.593815,SESS_0020,25.4,53.9,458.6,94.6,Good,1,1,89.5,33.5,High Focus,Excellent Focus
2026-07-02T15:11:54.593815,SESS_0020,23.2,52.5,583.1,5.0,Good,1,0,89.8,11.7,High Focus,Excellent Focus
2026-07-02T15:36:54.593815,SESS_0020,24.8,52.8,480.3,21.6,Good,1,1,95.3,10.7,High Focus,Excellent Focus
2026-07-02T16:01:54.593815,SESS_0020,24.2,54.5,539.4,50.8,Good,1,1,100.0,11.5,High Focus,Excellent Focus
2026-07-02T16:26:54.593815,SESS_0020,25.3,51.9,495.2,31.1,Slight Lean,1,1,92.3,17.2,High Focus,Excellent Focus
2026-07-02T16:51:54.593815,SESS_0020,26.3,50.6,373.9,27.3,Good,1,1,92.9,13.2,High Focus,Excellent Focus
2026-07-02T17:16:54.593815,SESS_0020,25.9,52.9,438.0,69.9,Good,1,1,92.1,24.8,High Focus,Excellent Focus
2026-07-02T17:41:54.593815,SESS_0020,24.0,47.8,560.8,42.1,Good,1,1,95.8,12.4,High Focus,Excellent Focus
2026-07-02T18:06:54.593815,SESS_0020,26.2,50.6,541.3,150.0,Good,1,1,81.1,44.4,High Focus,Excellent Focus
2026-07-02T18:31:54.593815,SESS_0021,22.8,55.2,456.8,7.7,Poor,1,1,79.9,33.4,Moderate Focus,Good Productivity
2026-07-02T18:56:54.593815,SESS_0021,25.2,49.2,518.9,41.2,Slight Lean,1,1,94.4,18.8,High Focus,Excellent Focus
2026-07-02T19:21:54.593815,SESS_0021,23.1,48.6,505.7,82.0,Slight Lean,1,0,86.2,35.4,High Focus,Excellent Focus
2026-07-02T19:46:54.593815,SESS_0021,25.4,46.8,521.7,95.1,Slight Lean,1,1,88.7,37.9,High Focus,Excellent Focus
2026-07-02T20:11:54.593815,SESS_0021,24.3,47.6,535.4,31.6,Good,1,1,96.9,11.4,High Focus,Excellent Focus
2026-07-02T20:36:54.593815,SESS_0021,24.4,50.3,432.9,5.0,Good,1,1,97.4,4.1,High Focus,Excellent Focus
2026-07-02T21:01:54.593815,SESS_0021,25.5,49.5,505.7,56.1,Slight Lean,1,1,92.4,23.0,High Focus,Excellent Focus
2026-07-02T21:26:54.593815,SESS_0021,23.8,53.3,460.7,5.0,Moderate Lean,1,1,88.7,15.3,High Focus,Excellent Focus
2026-07-02T21:51:54.593815,SESS_0021,24.2,49.8,479.0,14.3,Slight Lean,1,1,93.8,7.4,High Focus,Excellent Focus
2026-07-02T22:16:54.593815,SESS_0021,25.6,54.7,436.8,5.0,Slight Lean,1,0,90.9,12.9,High Focus,Excellent Focus
2026-07-02T22:41:54.593815,SESS_0021,24.4,50.4,483.5,5.0,Good,1,1,100.0,1.8,High Focus,Excellent Focus
2026-07-02T23:06:54.593815,SESS_0021,26.1,51.9,512.1,70.7,Good,1,1,93.9,25.3,High Focus,Excellent Focus
2026-07-02T23:31:54.593815,SESS_0021,20.7,53.4,447.3,59.5,Good,1,1,88.7,27.5,High Focus,Excellent Focus
2026-07-02T23:56:54.593815,SESS_0021,24.8,58.4,424.3,39.9,Good,1,1,98.8,12.3,High Focus,Excellent Focus
2026-07-03T00:21:54.593815,SESS_0021,24.6,45.4,467.7,26.8,Moderate Lean,1,1,86.8,20.5,High Focus,Excellent Focus
2026-07-03T00:46:54.593815,SESS_0022,24.7,56.2,510.6,28.2,Good,1,0,92.7,14.6,High Focus,Excellent Focus
2026-07-03T01:11:54.593815,SESS_0022,23.5,46.4,449.4,6.0,Poor,1,1,79.9,33.3,Moderate Focus,Good Productivity
2026-07-03T01:36:54.593815,SESS_0022,21.6,52.6,418.0,13.2,Poor,1,1,78.1,35.0,Moderate Focus,Good Productivity
2026-07-03T02:01:54.593815,SESS_0022,24.1,48.4,496.0,28.8,Good,1,0,97.1,10.7,High Focus,Excellent Focus
2026-07-03T02:26:54.593815,SESS_0022,24.2,48.3,470.3,38.4,Good,1,1,96.7,11.7,High Focus,Excellent Focus
2026-07-03T02:51:54.593815,SESS_0022,26.0,51.1,575.1,150.0,Slight Lean,1,1,78.9,45.5,Moderate Focus,Good Productivity
2026-07-03T03:16:54.593815,SESS_0022,23.6,46.2,387.1,21.2,Poor,1,1,79.1,39.0,Moderate Focus,Good Productivity
2026-07-03T03:41:54.593815,SESS_0022,22.3,54.1,455.8,11.9,Good,1,1,95.7,7.5,High Focus,Excellent Focus
2026-07-03T04:06:54.593815,SESS_0022,23.6,48.5,497.1,19.4,Moderate Lean,1,0,81.2,22.6,High Focus,Excellent Focus
2026-07-03T04:31:54.593815,SESS_0022,24.2,47.5,473.4,5.0,Moderate Lean,1,1,88.8,13.2,High Focus,Excellent Focus
2026-07-03T04:56:54.593815,SESS_0022,24.3,55.3,537.9,18.0,Good,1,1,96.6,7.9,High Focus,Excellent Focus
2026-07-03T05:21:54.593815,SESS_0022,25.5,51.8,527.7,51.5,Good,1,0,93.2,19.8,High Focus,Excellent Focus
2026-07-03T05:46:54.593815,SESS_0022,23.5,45.1,447.7,26.6,Moderate Lean,1,1,86.2,20.6,High Focus,Excellent Focus
2026-07-03T06:11:54.593815,SESS_0022,24.7,47.4,543.3,42.3,Slight Lean,1,1,92.0,19.3,High Focus,Excellent Focus
2026-07-03T06:36:54.593815,SESS_0022,25.7,57.4,442.7,12.9,Good,1,1,97.4,4.8,High Focus,Excellent Focus
2026-07-03T07:01:54.593815,SESS_0023,26.4,50.1,494.4,99.4,Good,1,1,90.6,31.5,High Focus,Excellent Focus
2026-07-03T07:26:54.593815,SESS_0023,23.5,44.6,538.6,36.8,Good,1,0,94.9,16.0,High Focus,Excellent Focus
2026-07-03T07:51:54.593815,SESS_0023,23.0,49.6,424.7,88.3,Good,1,1,89.7,30.9,High Focus,Excellent Focus
2026-07-03T08:16:54.593815,SESS_0023,23.9,51.2,471.9,40.5,Moderate Lean,1,1,87.4,22.4,High Focus,Excellent Focus
2026-07-03T08:41:54.593815,SESS_0023,22.1,48.2,528.2,18.1,Good,1,1,99.1,8.3,High Focus,Excellent Focus
2026-07-03T09:06:54.593815,SESS_0023,23.9,50.8,422.7,5.0,Good,1,0,93.8,7.5,High Focus,Excellent Focus
2026-07-03T09:31:54.593815,SESS_0023,23.9,50.6,475.6,7.0,Moderate Lean,1,1,88.0,11.0,High Focus,Excellent Focus
2026-07-03T09:56:54.593815,SESS_0023,24.0,50.7,491.4,87.7,Slight Lean,1,0,88.1,34.4,High Focus,Excellent Focus
2026-07-03T10:21:54.593815,SESS_0023,24.3,52.6,401.5,31.2,Slight Lean,1,0,86.8,21.3,High Focus,Excellent Focus
2026-07-03T10:46:54.593815,SESS_0023,22.8,56.5,492.5,71.7,Slight Lean,1,1,86.1,31.0,High Focus,Excellent Focus
2026-07-03T11:11:54.593815,SESS_0023,23.4,48.8,471.6,12.6,Good,1,1,95.9,7.3,High Focus,Excellent Focus
2026-07-03T11:36:54.593815,SESS_0023,25.2,54.4,388.8,6.0,Good,1,1,99.0,1.1,High Focus,Excellent Focus
2026-07-03T12:01:54.593815,SESS_0023,21.0,50.0,535.0,38.8,Good,1,0,95.7,13.3,High Focus,Excellent Focus
2026-07-03T12:26:54.593815,SESS_0023,22.7,50.9,451.6,31.3,Good,1,1,96.4,12.1,High Focus,Excellent Focus
2026-07-03T12:51:54.593815,SESS_0023,26.0,51.3,495.4,5.3,Slight Lean,0,0,0.0,0.0,Inactive,User Absent
2026-07-03T13:16:54.593815,SESS_0024,24.0,48.7,523.7,83.9,Slight Lean,1,1,90.0,30.9,High Focus,Excellent Focus
2026-07-03T13:41:54.593815,SESS_0024,26.1,50.8,391.3,13.5,Good,1,1,97.2,7.1,High Focus,Excellent Focus
2026-07-03T14:06:54.593815,SESS_0024,23.5,51.8,359.0,27.1,Good,1,1,96.3,10.8,High Focus,Excellent Focus
2026-07-03T14:31:54.593815,SESS_0024,24.4,52.0,506.1,34.1,Slight Lean,1,0,92.6,17.7,High Focus,Excellent Focus
2026-07-03T14:56:54.593815,SESS_0024,24.2,50.5,530.2,28.6,Good,1,0,95.3,12.1,High Focus,Excellent Focus
2026-07-03T15:21:54.593815,SESS_0024,24.5,49.6,536.2,47.2,Slight Lean,1,1,95.9,15.3,High Focus,Excellent Focus
2026-07-03T15:46:54.593815,SESS_0024,23.5,55.0,453.4,13.1,Good,1,0,94.6,9.4,High Focus,Excellent Focus
2026-07-03T16:11:54.593815,SESS_0024,25.5,52.8,447.9,56.0,Good,1,1,95.7,19.3,High Focus,Excellent Focus
2026-07-03T16:36:54.593815,SESS_0024,26.2,53.0,502.5,38.0,Good,1,0,93.4,14.8,High Focus,Excellent Focus
2026-07-03T17:01:54.593815,SESS_0024,24.3,48.4,446.2,17.2,Good,1,0,93.1,11.4,High Focus,Excellent Focus
2026-07-03T17:26:54.593815,SESS_0024,24.3,51.1,510.4,14.2,Good,1,1,97.9,4.4,High Focus,Excellent Focus
2026-07-03T17:51:54.593815,SESS_0024,25.4,54.3,399.6,10.6,Good,1,1,93.5,10.5,High Focus,Excellent Focus
2026-07-03T18:16:54.593815,SESS_0024,23.6,50.5,515.0,94.6,Good,1,0,87.2,33.4,High Focus,Excellent Focus
2026-07-03T18:41:54.593815,SESS_0024,25.4,46.7,483.0,17.7,Slight Lean,1,1,94.3,8.8,High Focus,Excellent Focus
2026-07-03T19:06:54.593815,SESS_0024,25.0,51.0,530.2,23.9,Slight Lean,1,1,97.6,10.2,High Focus,Excellent Focus
2026-07-03T19:31:54.593815,SESS_0025,24.8,49.3,520.4,69.2,Good,1,1,92.6,25.1,High Focus,Excellent Focus
2026-07-03T19:56:54.593815,SESS_0025,26.4,47.0,483.3,59.7,Good,1,0,91.1,21.2,High Focus,Excellent Focus
2026-07-03T20:21:54.593815,SESS_0025,23.5,49.6,453.8,55.2,Good,1,1,95.6,17.3,High Focus,Excellent Focus
2026-07-03T20:46:54.593815,SESS_0025,24.5,54.3,428.4,5.0,Good,1,0,94.5,5.4,High Focus,Excellent Focus
2026-07-03T21:11:54.593815,SESS_0025,23.6,49.9,412.7,74.0,Moderate Lean,1,0,78.4,41.6,Moderate Focus,Good Productivity
2026-07-03T21:36:54.593815,SESS_0025,23.6,50.4,527.2,96.3,Slight Lean,1,1,88.2,35.7,High Focus,Excellent Focus
2026-07-03T22:01:54.593815,SESS_0025,24.9,49.0,358.1,40.1,Slight Lean,1,1,91.2,19.6,High Focus,Excellent Focus
2026-07-03T22:26:54.593815,SESS_0025,23.4,51.7,483.4,57.3,Good,1,1,95.7,18.9,High Focus,Excellent Focus
2026-07-03T22:51:54.593815,SESS_0025,23.6,49.9,510.8,5.0,Slight Lean,1,1,96.7,5.2,High Focus,Excellent Focus
2026-07-03T23:16:54.593815,SESS_0025,24.3,41.1,480.8,24.5,Poor,1,1,79.6,36.7,Moderate Focus,Good Productivity
2026-07-03T23:41:54.593815,SESS_0025,23.8,50.5,457.3,69.1,Slight Lean,1,1,93.5,23.2,High Focus,Excellent Focus
2026-07-04T00:06:54.593815,SESS_0025,25.2,49.7,585.2,84.9,Good,1,1,92.2,27.4,High Focus,Excellent Focus
2026-07-04T00:31:54.593815,SESS_0025,22.3,53.9,498.8,53.7,Good,1,1,93.5,21.5,High Focus,Excellent Focus
2026-07-04T00:56:54.593815,SESS_0025,22.6,56.4,441.9,8.9,Moderate Lean,1,1,85.7,17.4,High Focus,Excellent Focus
2026-07-04T01:21:54.593815,SESS_0025,23.7,50.4,482.0,12.5,Moderate Lean,1,1,86.7,14.1,High Focus,Excellent Focus
2026-07-04T01:46:54.593815,SESS_0026,22.9,50.2,348.1,20.7,Good,1,1,98.5,7.9,High Focus,Excellent Focus
2026-07-04T02:11:54.593815,SESS_0026,24.5,50.1,481.1,45.3,Good,1,1,99.0,13.9,High Focus,Excellent Focus
2026-07-04T02:36:54.593815,SESS_0026,23.5,51.4,557.4,149.2,Good,1,0,81.0,44.9,High Focus,Excellent Focus
2026-07-04T03:01:54.593815,SESS_0026,24.0,49.0,485.1,17.1,Moderate Lean,1,1,92.1,13.7,High Focus,Excellent Focus
2026-07-04T03:26:54.593815,SESS_0026,22.6,53.3,513.8,24.5,Good,1,0,89.8,15.1,High Focus,Excellent Focus
2026-07-04T03:51:54.593815,SESS_0026,24.4,45.2,471.2,5.0,Slight Lean,1,1,97.2,4.9,High Focus,Excellent Focus
2026-07-04T04:16:54.593815,SESS_0026,24.6,50.3,447.5,10.2,Good,1,1,96.3,5.8,High Focus,Excellent Focus
2026-07-04T04:41:54.593815,SESS_0026,26.3,53.0,424.4,66.7,Slight Lean,1,0,86.2,28.5,High Focus,Excellent Focus
2026-07-04T05:06:54.593815,SESS_0026,26.7,46.9,522.4,16.9,Good,1,1,95.5,9.4,High Focus,Excellent Focus
2026-07-04T05:31:54.593815,SESS_0026,25.9,50.7,464.0,6.4,Slight Lean,1,1,93.6,6.4,High Focus,Excellent Focus
2026-07-04T05:56:54.593815,SESS_0026,24.3,51.1,509.2,11.1,Good,1,1,100.0,2.8,High Focus,Excellent Focus
2026-07-04T06:21:54.593815,SESS_0026,24.2,49.7,471.0,31.6,Slight Lean,1,1,97.0,10.1,High Focus,Excellent Focus
2026-07-04T06:46:54.593815,SESS_0026,24.4,50.3,418.4,9.4,Good,1,1,95.5,7.7,High Focus,Excellent Focus
2026-07-04T07:11:54.593815,SESS_0026,22.3,52.6,581.2,5.0,Slight Lean,0,1,0.0,0.0,Inactive,User Absent
2026-07-04T07:36:54.593815,SESS_0026,22.6,51.6,482.1,8.4,Slight Lean,0,1,0.0,0.0,Inactive,User Absent
2026-07-04T08:01:54.593815,SESS_0027,25.1,51.1,447.9,25.9,Good,1,1,97.6,7.4,High Focus,Excellent Focus
2026-07-04T08:26:54.593815,SESS_0027,25.7,55.9,538.8,7.1,Good,0,1,0.0,0.0,Inactive,User Absent
2026-07-04T08:51:54.593815,SESS_0027,26.6,52.2,464.3,5.0,Good,1,1,95.9,6.3,High Focus,Excellent Focus
2026-07-04T09:16:54.593815,SESS_0027,24.2,53.2,416.5,10.0,Good,1,1,97.7,4.1,High Focus,Excellent Focus
2026-07-04T09:41:54.593815,SESS_0027,23.8,51.9,458.2,26.2,Good,1,0,93.2,12.2,High Focus,Excellent Focus
2026-07-04T10:06:54.593815,SESS_0027,25.0,48.3,401.7,100.8,Good,1,1,87.2,39.8,High Focus,Excellent Focus
2026-07-04T10:31:54.593815,SESS_0027,26.5,48.9,386.7,62.0,Slight Lean,1,1,90.9,25.2,High Focus,Excellent Focus
2026-07-04T10:56:54.593815,SESS_0027,22.3,55.8,417.8,11.0,Good,1,0,91.0,10.3,High Focus,Excellent Focus
2026-07-04T11:21:54.593815,SESS_0027,23.9,53.4,485.3,23.0,Good,1,1,98.4,8.2,High Focus,Excellent Focus
2026-07-04T11:46:54.593815,SESS_0027,28.2,48.2,527.9,17.4,Moderate Lean,1,0,82.6,23.1,High Focus,Excellent Focus
2026-07-04T12:11:54.593815,SESS_0027,24.3,56.3,407.4,35.8,Moderate Lean,1,1,86.8,21.3,High Focus,Excellent Focus
2026-07-04T12:36:54.593815,SESS_0027,23.1,49.7,502.2,5.0,Good,1,1,92.1,9.4,High Focus,Excellent Focus
2026-07-04T13:01:54.593815,SESS_0027,25.1,52.4,541.8,59.0,Good,1,1,92.8,20.5,High Focus,Excellent Focus
2026-07-04T13:26:54.593815,SESS_0027,25.1,51.4,532.6,13.3,Good,1,1,96.1,7.1,High Focus,Excellent Focus
2026-07-04T13:51:54.593815,SESS_0027,25.0,49.3,446.2,144.6,Moderate Lean,1,1,75.6,48.3,Moderate Focus,Good Productivity
2026-07-04T14:16:54.593815,SESS_0028,23.1,47.4,442.5,5.0,Moderate Lean,1,1,88.5,11.0,High Focus,Excellent Focus
2026-07-04T14:41:54.593815,SESS_0028,25.4,52.6,393.7,15.7,Good,1,1,93.7,11.5,High Focus,Excellent Focus
2026-07-04T15:06:54.593815,SESS_0028,25.3,49.4,423.2,92.9,Slight Lean,1,1,85.5,39.9,High Focus,Excellent Focus
2026-07-04T15:31:54.593815,SESS_0028,26.9,54.4,484.3,49.4,Slight Lean,1,1,90.5,22.6,High Focus,Excellent Focus
2026-07-04T15:56:54.593815,SESS_0028,23.7,53.0,485.3,5.0,Slight Lean,1,1,95.2,3.8,High Focus,Excellent Focus
2026-07-04T16:21:54.593815,SESS_0028,26.0,47.5,460.8,28.8,Slight Lean,1,1,93.4,10.3,High Focus,Excellent Focus
2026-07-04T16:46:54.593815,SESS_0028,24.7,54.8,529.8,24.8,Moderate Lean,1,1,88.9,18.0,High Focus,Excellent Focus
2026-07-04T17:11:54.593815,SESS_0028,25.4,52.5,521.9,8.7,Good,1,1,95.8,4.4,High Focus,Excellent Focus
2026-07-04T17:36:54.593815,SESS_0028,22.8,54.7,526.9,33.0,Good,1,1,96.1,13.2,High Focus,Excellent Focus
2026-07-04T18:01:54.593815,SESS_0028,23.0,49.6,514.8,19.4,Good,1,0,95.3,9.5,High Focus,Excellent Focus
2026-07-04T18:26:54.593815,SESS_0028,25.1,53.7,429.9,68.0,Moderate Lean,1,1,85.4,31.7,High Focus,Excellent Focus
2026-07-04T18:51:54.593815,SESS_0028,24.5,48.7,514.9,7.9,Moderate Lean,1,1,90.1,12.2,High Focus,Excellent Focus
2026-07-04T19:16:54.593815,SESS_0028,26.4,47.5,466.0,80.2,Good,1,1,90.6,28.2,High Focus,Excellent Focus
2026-07-04T19:41:54.593815,SESS_0028,25.5,49.6,533.0,11.5,Moderate Lean,1,1,89.5,15.0,High Focus,Excellent Focus
2026-07-04T20:06:54.593815,SESS_0028,27.2,51.2,448.0,13.6,Slight Lean,1,1,89.9,11.5,High Focus,Excellent Focus
2026-07-04T20:31:54.593815,SESS_0029,22.4,54.9,448.5,5.0,Good,1,0,94.9,5.3,High Focus,Excellent Focus
2026-07-04T20:56:54.593815,SESS_0029,25.8,57.3,447.1,16.2,Moderate Lean,1,1,86.5,16.7,High Focus,Excellent Focus
2026-07-04T21:21:54.593815,SESS_0029,24.7,52.8,535.9,8.9,Good,1,1,100.0,4.5,High Focus,Excellent Focus
2026-07-04T21:46:54.593815,SESS_0029,23.8,50.0,453.6,12.9,Good,1,1,97.5,5.7,High Focus,Excellent Focus
2026-07-04T22:11:54.593815,SESS_0029,24.5,48.3,468.5,53.6,Good,1,1,94.6,17.8,High Focus,Excellent Focus
2026-07-04T22:36:54.593815,SESS_0029,26.9,47.1,396.9,12.3,Good,1,1,93.8,7.1,High Focus,Excellent Focus
2026-07-04T23:01:54.593815,SESS_0029,23.2,47.5,490.4,37.0,Slight Lean,1,0,90.5,18.6,High Focus,Excellent Focus
2026-07-04T23:26:54.593815,SESS_0029,24.8,51.7,439.4,39.1,Good,1,1,94.0,17.0,High Focus,Excellent Focus
2026-07-04T23:51:54.593815,SESS_0029,25.6,47.0,520.9,15.0,Slight Lean,1,1,96.7,8.0,High Focus,Excellent Focus
2026-07-05T00:16:54.593815,SESS_0029,22.3,50.2,493.8,35.4,Moderate Lean,1,1,90.1,20.5,High Focus,Excellent Focus
2026-07-05T00:41:54.593815,SESS_0029,24.2,50.8,403.4,23.9,Good,1,1,96.9,8.9,High Focus,Excellent Focus
2026-07-05T01:06:54.593815,SESS_0029,25.2,49.7,501.0,44.6,Slight Lean,1,1,94.6,16.3,High Focus,Excellent Focus
2026-07-05T01:31:54.593815,SESS_0029,24.8,49.7,473.4,12.0,Poor,1,1,83.0,34.5,High Focus,Excellent Focus
2026-07-05T01:56:54.593815,SESS_0029,23.8,51.1,475.7,38.0,Slight Lean,1,1,91.4,19.1,High Focus,Excellent Focus
2026-07-05T02:21:54.593815,SESS_0029,23.8,51.9,494.7,53.7,Moderate Lean,1,1,87.4,25.0,High Focus,Excellent Focus
2026-07-05T02:46:54.593815,SESS_0030,23.3,57.0,465.0,37.3,Good,1,1,94.8,14.9,High Focus,Excellent Focus
2026-07-05T03:11:54.593815,SESS_0030,25.2,52.7,483.8,8.9,Good,1,1,98.7,5.7,High Focus,Excellent Focus
2026-07-05T03:36:54.593815,SESS_0030,25.5,51.5,565.6,5.0,Good,1,1,97.4,3.5,High Focus,Excellent Focus
2026-07-05T04:01:54.593815,SESS_0030,26.0,59.3,440.7,90.3,Good,1,0,83.1,41.1,High Focus,Excellent Focus
2026-07-05T04:26:54.593815,SESS_0030,25.4,58.5,442.5,11.4,Moderate Lean,1,1,85.7,19.7,High Focus,Excellent Focus
2026-07-05T04:51:54.593815,SESS_0030,27.3,48.3,452.5,23.5,Moderate Lean,1,0,84.8,20.0,High Focus,Excellent Focus
2026-07-05T05:16:54.593815,SESS_0030,24.5,53.8,479.2,5.0,Good,1,0,93.1,10.3,High Focus,Excellent Focus
2026-07-05T05:41:54.593815,SESS_0030,22.7,53.8,466.1,5.0,Good,1,1,95.4,6.7,High Focus,Excellent Focus
2026-07-05T06:06:54.593815,SESS_0030,23.0,51.5,488.2,46.2,Slight Lean,1,1,92.9,17.7,High Focus,Excellent Focus
2026-07-05T06:31:54.593815,SESS_0030,23.0,48.1,627.5,17.7,Good,1,1,96.7,9.3,High Focus,Excellent Focus
2026-07-05T06:56:54.593815,SESS_0030,23.8,48.7,530.3,98.0,Good,1,1,90.1,34.9,High Focus,Excellent Focus
2026-07-05T07:21:54.593815,SESS_0030,24.6,43.2,468.5,32.2,Slight Lean,1,1,91.9,14.0,High Focus,Excellent Focus
2026-07-05T07:46:54.593815,SESS_0030,24.5,52.5,522.3,72.8,Good,1,1,95.0,24.1,High Focus,Excellent Focus
2026-07-05T08:11:54.593815,SESS_0030,27.4,47.0,503.7,7.9,Moderate Lean,1,1,85.5,14.9,High Focus,Excellent Focus
2026-07-05T08:36:54.593815,SESS_0030,25.5,51.4,567.2,7.0,Poor,1,1,78.4,33.5,Moderate Focus,Good Productivity
2026-07-05T09:01:54.593815,SESS_0031,24.2,49.9,601.3,11.3,Good,1,1,96.7,5.9,High Focus,Excellent Focus
2026-07-05T09:26:54.593815,SESS_0031,23.7,48.4,445.1,128.6,Moderate Lean,1,0,75.9,52.2,Moderate Focus,Good Productivity
2026-07-05T09:51:54.593815,SESS_0031,22.3,44.4,573.5,48.4,Good,1,1,94.9,17.2,High Focus,Excellent Focus
2026-07-05T10:16:54.593815,SESS_0031,22.7,54.6,467.9,39.9,Slight Lean,1,1,90.6,19.5,High Focus,Excellent Focus
2026-07-05T10:41:54.593815,SESS_0031,23.2,51.9,435.2,47.1,Moderate Lean,1,1,86.1,25.0,High Focus,Excellent Focus
2026-07-05T11:06:54.593815,SESS_0031,22.7,50.5,488.8,28.4,Good,1,0,92.8,14.2,High Focus,Excellent Focus
2026-07-05T11:31:54.593815,SESS_0031,28.2,47.1,553.2,11.7,Good,1,1,96.3,8.5,High Focus,Excellent Focus
2026-07-05T11:56:54.593815,SESS_0031,24.7,52.3,496.9,26.6,Good,1,0,96.7,9.0,High Focus,Excellent Focus
2026-07-05T12:21:54.593815,SESS_0031,22.7,50.3,440.0,19.6,Good,1,1,95.6,8.9,High Focus,Excellent Focus
2026-07-05T12:46:54.593815,SESS_0031,25.8,52.7,482.2,5.0,Poor,1,0,76.0,37.6,Moderate Focus,Good Productivity
2026-07-05T13:11:54.593815,SESS_0031,26.2,49.3,386.2,9.9,Poor,1,1,79.5,33.1,Moderate Focus,Good Productivity
2026-07-05T13:36:54.593815,SESS_0031,22.4,50.3,449.1,25.0,Slight Lean,1,1,94.3,13.9,High Focus,Excellent Focus
2026-07-05T14:01:54.593815,SESS_0031,25.4,47.0,469.9,65.3,Moderate Lean,1,0,82.1,34.6,High Focus,Excellent Focus
2026-07-05T14:26:54.593815,SESS_0031,26.6,55.9,500.7,55.7,Slight Lean,1,0,88.5,27.5,High Focus,Excellent Focus
2026-07-05T14:51:54.593815,SESS_0031,25.1,48.0,550.2,7.4,Good,1,1,98.0,4.1,High Focus,Excellent Focus
2026-07-05T15:16:54.593815,SESS_0032,24.3,52.2,490.9,56.9,Good,1,1,99.7,16.1,High Focus,Excellent Focus
2026-07-05T15:41:54.593815,SESS_0032,24.8,54.3,428.4,25.7,Good,1,1,96.9,8.0,High Focus,Excellent Focus
2026-07-05T16:06:54.593815,SESS_0032,25.8,48.8,429.6,11.1,Good,1,1,95.0,5.7,High Focus,Excellent Focus
2026-07-05T16:31:54.593815,SESS_0032,24.5,54.2,434.6,69.0,Good,1,1,96.4,22.5,High Focus,Excellent Focus
2026-07-05T16:56:54.593815,SESS_0032,25.3,54.2,425.1,12.3,Slight Lean,0,1,0.0,0.0,Inactive,User Absent
2026-07-05T17:21:54.593815,SESS_0032,24.7,52.9,421.2,8.5,Good,1,1,94.3,6.3,High Focus,Excellent Focus
2026-07-05T17:46:54.593815,SESS_0032,25.5,45.7,510.9,43.4,Slight Lean,1,1,94.9,16.9,High Focus,Excellent Focus
2026-07-05T18:11:54.593815,SESS_0032,23.5,53.0,493.0,18.4,Slight Lean,1,1,92.9,11.0,High Focus,Excellent Focus
2026-07-05T18:36:54.593815,SESS_0032,24.4,49.8,504.6,32.6,Good,1,1,98.4,9.4,High Focus,Excellent Focus
2026-07-05T19:01:54.593815,SESS_0032,25.5,49.9,463.5,92.5,Poor,1,1,76.1,58.3,Moderate Focus,Good Productivity
2026-07-05T19:26:54.593815,SESS_0032,25.4,48.5,486.3,5.0,Good,1,1,98.8,3.4,High Focus,Excellent Focus
2026-07-05T19:51:54.593815,SESS_0032,23.1,50.1,478.0,61.3,Good,0,1,0.0,0.0,Inactive,User Absent
2026-07-05T20:16:54.593815,SESS_0032,24.3,44.7,512.0,42.5,Good,1,1,98.7,13.9,High Focus,Excellent Focus
2026-07-05T20:41:54.593815,SESS_0032,25.0,54.8,580.6,79.9,Slight Lean,1,1,90.1,32.3,High Focus,Excellent Focus
2026-07-05T21:06:54.593815,SESS_0032,27.0,57.2,455.4,19.7,Good,1,1,95.9,6.9,High Focus,Excellent Focus
2026-07-05T21:31:54.593815,SESS_0033,25.0,43.6,511.3,36.0,Good,1,1,98.9,10.0,High Focus,Excellent Focus
2026-07-05T21:56:54.593815,SESS_0033,23.6,55.2,538.6,18.7,Slight Lean,1,1,97.0,7.7,High Focus,Excellent Focus
2026-07-05T22:21:54.593815,SESS_0033,25.9,55.7,442.9,40.4,Good,1,1,94.5,13.8,High Focus,Excellent Focus
2026-07-05T22:46:54.593815,SESS_0033,25.0,49.6,571.0,44.1,Good,0,1,0.0,0.0,Inactive,User Absent
2026-07-05T23:11:54.593815,SESS_0033,24.0,52.2,557.7,72.8,Good,1,1,94.7,22.0,High Focus,Excellent Focus
2026-07-05T23:36:54.593815,SESS_0033,28.8,47.1,464.4,34.0,Poor,1,1,78.8,41.4,Moderate Focus,Good Productivity
2026-07-06T00:01:54.593815,SESS_0033,27.0,56.5,456.7,5.0,Slight Lean,1,1,91.4,8.6,High Focus,Excellent Focus
2026-07-06T00:26:54.593815,SESS_0033,24.3,54.3,493.1,85.8,Slight Lean,1,1,87.0,35.4,High Focus,Excellent Focus
2026-07-06T00:51:54.593815,SESS_0033,25.4,48.2,524.8,150.0,Good,1,1,82.5,42.9,High Focus,Excellent Focus
2026-07-06T01:16:54.593815,SESS_0033,24.6,55.2,474.0,5.0,Slight Lean,1,1,92.9,8.1,High Focus,Excellent Focus
2026-07-06T01:41:54.593815,SESS_0033,24.2,48.4,471.2,12.5,Poor,1,1,78.1,34.5,Moderate Focus,Good Productivity
2026-07-06T02:06:54.593815,SESS_0033,23.9,48.9,532.6,14.2,Poor,1,1,79.9,35.1,Moderate Focus,Good Productivity
2026-07-06T02:31:54.593815,SESS_0033,23.4,46.5,457.2,9.5,Slight Lean,1,1,93.4,8.4,High Focus,Excellent Focus
2026-07-06T02:56:54.593815,SESS_0033,25.0,54.1,461.0,6.7,Moderate Lean,1,1,88.0,12.4,High Focus,Excellent Focus
2026-07-06T03:21:54.593815,SESS_0033,25.3,44.7,462.0,34.8,Good,1,1,97.0,10.0,High Focus,Excellent Focus
2026-07-06T03:46:54.593815,SESS_0034,24.5,46.0,519.1,26.8,Slight Lean,1,1,94.1,11.4,High Focus,Excellent Focus
2026-07-06T04:11:54.593815,SESS_0034,25.8,49.1,474.2,24.5,Good,0,1,0.0,0.0,Inactive,User Absent
2026-07-06T04:36:54.593815,SESS_0034,23.6,52.9,562.1,44.0,Good,1,1,97.0,14.6,High Focus,Excellent Focus
2026-07-06T05:01:54.593815,SESS_0034,25.1,44.3,466.1,8.7,Poor,1,0,78.7,38.0,Moderate Focus,Good Productivity
2026-07-06T05:26:54.593815,SESS_0034,24.4,40.0,406.6,72.9,Slight Lean,1,1,90.2,27.5,High Focus,Excellent Focus
2026-07-06T05:51:54.593815,SESS_0034,22.1,47.8,558.1,5.4,Slight Lean,1,0,87.9,13.8,High Focus,Excellent Focus
2026-07-06T06:16:54.593815,SESS_0034,22.7,49.8,614.2,41.4,Slight Lean,1,0,88.4,19.7,High Focus,Excellent Focus
2026-07-06T06:41:54.593815,SESS_0034,26.6,46.9,490.8,8.2,Good,1,1,94.2,6.5,High Focus,Excellent Focus
2026-07-06T07:06:54.593815,SESS_0034,23.5,52.5,458.5,13.5,Good,1,1,94.3,9.4,High Focus,Excellent Focus
2026-07-06T07:31:54.593815,SESS_0034,26.2,49.2,444.1,32.5,Slight Lean,1,1,92.1,16.6,High Focus,Excellent Focus
2026-07-06T07:56:54.593815,SESS_0034,25.2,52.8,431.1,10.0,Slight Lean,1,1,93.6,8.4,High Focus,Excellent Focus
2026-07-06T08:21:54.593815,SESS_0034,23.3,47.9,506.7,55.5,Good,1,1,98.3,15.4,High Focus,Excellent Focus
2026-07-06T08:46:54.593815,SESS_0034,22.8,48.5,466.9,26.6,Good,1,1,94.4,11.2,High Focus,Excellent Focus
2026-07-06T09:11:54.593815,SESS_0034,24.9,50.3,368.1,57.2,Good,1,1,89.2,25.0,High Focus,Excellent Focus
2026-07-06T09:36:54.593815,SESS_0034,22.8,57.8,409.9,150.0,Good,1,1,80.0,47.1,High Focus,Excellent Focus
2026-07-06T10:01:54.593815,SESS_0035,24.0,52.3,487.1,38.2,Good,1,1,93.2,16.4,High Focus,Excellent Focus
2026-07-06T10:26:54.593815,SESS_0035,25.7,48.7,480.1,5.0,Good,1,1,92.8,11.0,High Focus,Excellent Focus
2026-07-06T10:51:54.593815,SESS_0035,24.1,52.0,477.7,10.8,Moderate Lean,1,0,84.5,18.6,High Focus,Excellent Focus
2026-07-06T11:16:54.593815,SESS_0035,23.2,48.1,452.7,19.1,Slight Lean,1,1,92.0,14.7,High Focus,Excellent Focus
2026-07-06T11:41:54.593815,SESS_0035,23.8,52.3,443.5,45.3,Good,1,1,97.8,14.6,High Focus,Excellent Focus
2026-07-06T12:06:54.593815,SESS_0035,24.7,48.8,471.7,5.0,Moderate Lean,1,1,89.0,14.2,High Focus,Excellent Focus
2026-07-06T12:31:54.593815,SESS_0035,23.5,53.6,470.3,130.3,Poor,1,1,69.6,68.2,Moderate Focus,Good Productivity
2026-07-06T12:56:54.593815,SESS_0035,24.8,53.4,406.9,45.4,Good,1,1,97.3,13.4,High Focus,Excellent Focus
2026-07-06T13:21:54.593815,SESS_0035,23.3,54.3,523.8,150.0,Good,1,0,82.9,40.5,High Focus,Excellent Focus
2026-07-06T13:46:54.593815,SESS_0035,22.7,50.6,440.0,12.1,Slight Lean,1,1,94.4,7.9,High Focus,Excellent Focus
2026-07-06T14:11:54.593815,SESS_0035,25.4,50.3,496.2,6.5,Slight Lean,1,0,88.7,12.8,High Focus,Excellent Focus
2026-07-06T14:36:54.593815,SESS_0035,25.2,45.2,480.5,25.5,Good,1,1,99.4,8.1,High Focus,Excellent Focus
2026-07-06T15:01:54.593815,SESS_0035,25.2,56.3,432.6,20.6,Good,1,1,99.2,5.5,High Focus,Excellent Focus
2026-07-06T15:26:54.593815,SESS_0035,25.3,47.1,526.2,8.5,Good,1,1,95.9,4.6,High Focus,Excellent Focus
2026-07-06T15:51:54.593815,SESS_0035,26.2,50.1,497.6,30.3,Good,1,1,96.0,11.5,High Focus,Excellent Focus
2026-07-06T16:16:54.593815,SESS_0036,21.9,53.7,398.8,22.8,Moderate Lean,1,1,87.0,18.9,High Focus,Excellent Focus
2026-07-06T16:41:54.593815,SESS_0036,26.3,48.0,507.2,68.8,Good,1,1,94.2,25.9,High Focus,Excellent Focus
2026-07-06T17:06:54.593815,SESS_0036,25.6,50.2,523.0,15.8,Moderate Lean,1,0,84.8,19.3,High Focus,Excellent Focus
2026-07-06T17:31:54.593815,SESS_0036,22.9,59.4,555.8,5.0,Good,1,1,96.2,5.7,High Focus,Excellent Focus
2026-07-06T17:56:54.593815,SESS_0036,27.4,44.9,509.1,111.4,Slight Lean,1,1,80.2,43.5,High Focus,Excellent Focus
2026-07-06T18:21:54.593815,SESS_0036,23.9,57.6,507.8,11.7,Moderate Lean,1,1,85.7,14.4,High Focus,Excellent Focus
2026-07-06T18:46:54.593815,SESS_0036,25.9,52.5,501.7,26.0,Slight Lean,1,0,87.9,16.5,High Focus,Excellent Focus
2026-07-06T19:11:54.593815,SESS_0036,23.7,54.6,404.0,73.5,Good,1,1,85.9,31.6,High Focus,Excellent Focus
2026-07-06T19:36:54.593815,SESS_0036,22.7,52.7,503.1,19.4,Good,1,1,93.0,11.3,High Focus,Excellent Focus
2026-07-06T20:01:54.593815,SESS_0036,24.8,52.6,454.5,25.8,Slight Lean,1,1,93.7,11.0,High Focus,Excellent Focus
2026-07-06T20:26:54.593815,SESS_0036,24.1,51.6,482.7,33.0,Moderate Lean,1,1,88.2,20.3,High Focus,Excellent Focus
2026-07-06T20:51:54.593815,SESS_0036,23.2,50.3,510.5,43.4,Good,0,1,0.0,0.0,Inactive,User Absent
2026-07-06T21:16:54.593815,SESS_0036,24.7,50.2,448.5,32.0,Slight Lean,1,1,96.1,11.4,High Focus,Excellent Focus
2026-07-06T21:41:54.593815,SESS_0036,25.1,55.2,411.4,5.0,Good,1,1,93.9,5.7,High Focus,Excellent Focus
2026-07-06T22:06:54.593815,SESS_0036,22.0,55.1,544.3,5.0,Slight Lean,1,1,89.4,11.3,High Focus,Excellent Focus
2026-07-06T22:31:54.593815,SESS_0037,24.9,49.8,475.3,7.4,Good,1,1,96.5,5.6,High Focus,Excellent Focus
2026-07-06T22:56:54.593815,SESS_0037,25.9,51.0,401.2,52.6,Good,1,0,91.1,23.1,High Focus,Excellent Focus
2026-07-06T23:21:54.593815,SESS_0037,22.7,57.0,490.1,45.3,Good,1,1,99.4,14.4,High Focus,Excellent Focus
2026-07-06T23:46:54.593815,SESS_0037,23.8,50.0,493.7,71.6,Slight Lean,1,1,93.6,24.5,High Focus,Excellent Focus
2026-07-07T00:11:54.593815,SESS_0037,21.7,47.1,470.7,74.4,Slight Lean,1,1,89.1,33.0,High Focus,Excellent Focus
2026-07-07T00:36:54.593815,SESS_0037,20.8,53.4,391.8,15.7,Good,1,1,92.7,11.9,High Focus,Excellent Focus
2026-07-07T01:01:54.593815,SESS_0037,23.3,55.5,532.1,117.3,Good,1,1,88.3,38.7,High Focus,Excellent Focus
2026-07-07T01:26:54.593815,SESS_0037,23.8,51.3,463.2,43.1,Good,1,1,95.5,15.8,High Focus,Excellent Focus
2026-07-07T01:51:54.593815,SESS_0037,22.7,53.0,502.5,21.6,Good,1,1,93.0,11.9,High Focus,Excellent Focus
2026-07-07T02:16:54.593815,SESS_0037,24.0,56.2,456.2,91.3,Moderate Lean,1,1,81.5,40.2,High Focus,Excellent Focus
2026-07-07T02:41:54.593815,SESS_0037,26.0,56.8,455.8,5.0,Slight Lean,1,1,91.1,9.6,High Focus,Excellent Focus
2026-07-07T03:06:54.593815,SESS_0037,23.8,48.9,474.7,5.0,Good,1,1,93.4,9.8,High Focus,Excellent Focus
2026-07-07T03:31:54.593815,SESS_0037,24.6,49.6,475.5,35.5,Good,0,1,0.0,0.0,Inactive,User Absent
2026-07-07T03:56:54.593815,SESS_0037,24.4,52.2,476.3,31.4,Good,1,1,99.4,6.9,High Focus,Excellent Focus
2026-07-07T04:21:54.593815,SESS_0037,25.2,50.1,522.3,5.0,Good,1,1,93.1,10.0,High Focus,Excellent Focus
2026-07-07T04:46:54.593815,SESS_0038,24.1,48.9,512.8,10.3,Moderate Lean,1,1,88.8,12.4,High Focus,Excellent Focus
2026-07-07T05:11:54.593815,SESS_0038,25.7,49.7,334.7,16.3,Good,1,1,92.9,12.2,High Focus,Excellent Focus
2026-07-07T05:36:54.593815,SESS_0038,21.2,51.9,420.7,65.5,Moderate Lean,1,1,81.6,35.5,High Focus,Excellent Focus
2026-07-07T06:01:54.593815,SESS_0038,23.9,48.6,422.3,45.5,Good,1,1,92.5,21.2,High Focus,Excellent Focus
2026-07-07T06:26:54.593815,SESS_0038,23.3,52.8,423.1,12.0,Good,1,0,90.1,11.8,High Focus,Excellent Focus
2026-07-07T06:51:54.593815,SESS_0038,22.4,49.2,528.8,44.7,Good,1,1,97.2,13.4,High Focus,Excellent Focus
2026-07-07T07:16:54.593815,SESS_0038,26.2,52.7,445.2,17.9,Poor,1,0,73.7,44.1,Moderate Focus,Good Productivity
2026-07-07T07:41:54.593815,SESS_0038,25.8,57.4,459.5,25.2,Poor,1,1,81.0,35.3,High Focus,Excellent Focus
2026-07-07T08:06:54.593815,SESS_0038,27.0,44.6,440.8,33.2,Good,1,1,94.0,15.0,High Focus,Excellent Focus
2026-07-07T08:31:54.593815,SESS_0038,24.8,52.5,491.1,60.5,Good,1,1,98.3,17.8,High Focus,Excellent Focus
2026-07-07T08:56:54.593815,SESS_0038,23.5,53.1,460.2,5.0,Good,1,1,98.2,3.7,High Focus,Excellent Focus
2026-07-07T09:21:54.593815,SESS_0038,26.2,46.9,563.4,45.9,Good,1,1,98.3,10.6,High Focus,Excellent Focus
2026-07-07T09:46:54.593815,SESS_0038,27.1,54.2,441.7,10.3,Good,1,1,92.7,11.0,High Focus,Excellent Focus
2026-07-07T10:11:54.593815,SESS_0038,26.4,53.4,494.2,75.7,Good,1,1,90.7,27.8,High Focus,Excellent Focus
2026-07-07T10:36:54.593815,SESS_0038,21.5,50.3,506.7,25.0,Good,1,1,94.0,15.1,High Focus,Excellent Focus
2026-07-07T11:01:54.593815,SESS_0039,22.7,51.7,530.4,134.4,Good,1,1,82.5,44.9,High Focus,Excellent Focus
2026-07-07T11:26:54.593815,SESS_0039,27.2,48.3,480.0,5.0,Moderate Lean,1,1,83.9,18.9,High Focus,Excellent Focus
2026-07-07T11:51:54.593815,SESS_0039,24.3,53.7,502.1,13.9,Poor,1,1,80.2,38.1,High Focus,Excellent Focus
2026-07-07T12:16:54.593815,SESS_0039,24.8,51.4,487.6,45.1,Slight Lean,1,0,91.8,19.7,High Focus,Excellent Focus
2026-07-07T12:41:54.593815,SESS_0039,23.3,48.5,539.3,36.0,Good,1,1,99.4,11.3,High Focus,Excellent Focus
2026-07-07T13:06:54.593815,SESS_0039,22.8,44.1,515.4,5.8,Slight Lean,1,1,93.5,8.9,High Focus,Excellent Focus
2026-07-07T13:31:54.593815,SESS_0039,24.2,47.9,524.1,5.0,Slight Lean,1,1,95.6,3.7,High Focus,Excellent Focus
2026-07-07T13:56:54.593815,SESS_0039,23.4,51.1,465.0,76.2,Slight Lean,1,0,86.3,33.6,High Focus,Excellent Focus
2026-07-07T14:21:54.593815,SESS_0039,23.3,51.1,372.4,37.4,Slight Lean,0,1,0.0,0.0,Inactive,User Absent
2026-07-07T14:46:54.593815,SESS_0039,25.7,46.1,450.2,5.0,Good,0,1,0.0,0.0,Inactive,User Absent
2026-07-07T15:11:54.593815,SESS_0039,23.6,50.0,550.9,82.7,Good,1,1,86.9,32.9,High Focus,Excellent Focus
2026-07-07T15:36:54.593815,SESS_0039,25.9,48.1,398.4,44.7,Slight Lean,1,1,89.3,23.6,High Focus,Excellent Focus
2026-07-07T16:01:54.593815,SESS_0039,25.0,47.7,490.8,47.3,Slight Lean,1,0,88.6,24.8,High Focus,Excellent Focus
2026-07-07T16:26:54.593815,SESS_0039,25.6,51.0,534.2,52.4,Good,1,1,93.4,20.4,High Focus,Excellent Focus
2026-07-07T16:51:54.593815,SESS_0039,27.4,47.4,461.9,5.4,Good,1,1,96.0,9.2,High Focus,Excellent Focus
2026-07-07T17:16:54.593815,SESS_0040,23.6,48.0,484.3,5.0,Moderate Lean,1,1,88.9,11.0,High Focus,Excellent Focus
2026-07-07T17:41:54.593815,SESS_0040,22.3,51.9,535.2,5.0,Slight Lean,1,1,93.5,10.7,High Focus,Excellent Focus
2026-07-07T18:06:54.593815,SESS_0040,24.5,48.1,426.0,38.0,Slight Lean,1,1,96.4,14.0,High Focus,Excellent Focus
2026-07-07T18:31:54.593815,SESS_0040,26.5,46.3,411.7,48.4,Good,1,1,93.8,15.3,High Focus,Excellent Focus
2026-07-07T18:56:54.593815,SESS_0040,25.6,49.7,472.2,58.2,Poor,1,1,77.0,51.4,Moderate Focus,Good Productivity
2026-07-07T19:21:54.593815,SESS_0040,23.1,56.7,465.8,21.3,Good,1,1,99.1,6.6,High Focus,Excellent Focus
2026-07-07T19:46:54.593815,SESS_0040,23.1,50.7,496.9,5.0,Good,1,1,97.4,0.7,High Focus,Excellent Focus
2026-07-07T20:11:54.593815,SESS_0040,25.1,47.6,422.3,5.0,Good,1,1,92.5,8.4,High Focus,Excellent Focus
2026-07-07T20:36:54.593815,SESS_0040,25.8,56.5,424.1,23.3,Good,1,1,94.0,12.1,High Focus,Excellent Focus
2026-07-07T21:01:54.593815,SESS_0040,25.1,51.5,476.1,36.8,Poor,1,1,78.7,39.8,Moderate Focus,Good Productivity
2026-07-07T21:26:54.593815,SESS_0040,26.6,48.1,461.9,19.9,Good,1,1,96.9,7.0,High Focus,Excellent Focus
2026-07-07T21:51:54.593815,SESS_0040,27.5,55.2,490.6,17.0,Good,1,1,97.6,6.9,High Focus,Excellent Focus
2026-07-07T22:16:54.593815,SESS_0040,26.4,51.4,440.4,95.4,Good,1,1,86.0,36.6,High Focus,Excellent Focus
2026-07-07T22:41:54.593815,SESS_0040,24.4,50.7,578.6,5.0,Slight Lean,1,1,90.4,12.7,High Focus,Excellent Focus
2026-07-07T23:06:54.593815,SESS_0040,24.9,50.8,438.4,39.8,Slight Lean,1,1,94.3,16.5,High Focus,Excellent Focus
2026-07-07T23:31:54.593815,SESS_0041,24.8,50.7,501.8,34.8,Good,1,0,89.6,19.4,High Focus,Excellent Focus
2026-07-07T23:56:54.593815,SESS_0041,25.2,55.8,475.8,120.3,Good,1,0,82.5,41.9,High Focus,Excellent Focus
2026-07-08T00:21:54.593815,SESS_0041,27.3,48.1,452.5,36.6,Slight Lean,0,1,0.0,0.0,Inactive,User Absent
2026-07-08T00:46:54.593815,SESS_0041,24.3,50.2,520.4,9.8,Poor,1,1,80.3,34.0,High Focus,Excellent Focus
2026-07-08T01:11:54.593815,SESS_0041,25.1,52.5,391.2,64.3,Moderate Lean,1,1,86.2,31.8,High Focus,Excellent Focus
2026-07-08T01:36:54.593815,SESS_0041,24.8,55.3,508.7,36.5,Poor,1,1,82.3,38.7,High Focus,Excellent Focus
2026-07-08T02:01:54.593815,SESS_0041,27.7,54.1,508.7,33.9,Moderate Lean,1,1,84.3,26.3,High Focus,Excellent Focus
2026-07-08T02:26:54.593815,SESS_0041,25.3,45.6,486.6,43.9,Good,1,1,96.8,13.0,High Focus,Excellent Focus
2026-07-08T02:51:54.593815,SESS_0041,24.0,49.6,456.1,5.0,Moderate Lean,1,1,85.8,15.9,High Focus,Excellent Focus
2026-07-08T03:16:54.593815,SESS_0041,21.0,42.7,463.1,73.1,Good,1,1,90.8,25.7,High Focus,Excellent Focus
2026-07-08T03:41:54.593815,SESS_0041,26.9,57.6,487.8,128.5,Good,1,1,87.2,41.0,High Focus,Excellent Focus
2026-07-08T04:06:54.593815,SESS_0041,25.3,49.3,521.0,5.0,Poor,1,1,80.9,32.2,High Focus,Excellent Focus
2026-07-08T04:31:54.593815,SESS_0041,24.6,47.3,444.1,150.0,Good,1,0,77.5,48.0,Moderate Focus,Good Productivity
2026-07-08T04:56:54.593815,SESS_0041,24.7,49.8,429.4,32.4,Poor,1,1,82.7,39.5,High Focus,Excellent Focus
2026-07-08T05:21:54.593815,SESS_0041,24.1,41.9,461.9,16.3,Good,1,1,96.3,7.9,High Focus,Excellent Focus
2026-07-08T05:46:54.593815,SESS_0042,25.2,47.8,536.7,20.0,Moderate Lean,1,1,87.5,17.2,High Focus,Excellent Focus
2026-07-08T06:11:54.593815,SESS_0042,25.2,49.1,505.6,25.8,Good,1,1,100.0,5.1,High Focus,Excellent Focus
2026-07-08T06:36:54.593815,SESS_0042,22.7,52.8,462.6,71.0,Good,1,1,91.7,24.0,High Focus,Excellent Focus
2026-07-08T07:01:54.593815,SESS_0042,25.0,50.8,505.0,16.3,Slight Lean,1,1,93.5,9.7,High Focus,Excellent Focus
2026-07-08T07:26:54.593815,SESS_0042,26.7,55.2,494.1,65.2,Good,1,1,92.0,24.9,High Focus,Excellent Focus
2026-07-08T07:51:54.593815,SESS_0042,26.3,43.2,505.1,150.0,Moderate Lean,1,0,66.1,59.5,Moderate Focus,Good Productivity
2026-07-08T08:16:54.593815,SESS_0042,23.3,47.5,465.8,6.9,Slight Lean,1,0,88.7,11.3,High Focus,Excellent Focus
2026-07-08T08:41:54.593815,SESS_0042,24.2,58.2,388.4,36.0,Good,1,1,92.6,14.6,High Focus,Excellent Focus
2026-07-08T09:06:54.593815,SESS_0042,24.9,60.0,412.1,33.8,Good,1,1,96.4,10.8,High Focus,Excellent Focus
2026-07-08T09:31:54.593815,SESS_0042,24.4,50.4,496.5,12.1,Good,1,0,97.7,6.2,High Focus,Excellent Focus
2026-07-08T09:56:54.593815,SESS_0042,27.0,53.3,521.4,37.7,Slight Lean,1,0,86.9,22.5,High Focus,Excellent Focus
2026-07-08T10:21:54.593815,SESS_0042,23.8,45.5,497.3,13.6,Good,1,1,100.0,3.4,High Focus,Excellent Focus
2026-07-08T10:46:54.593815,SESS_0042,24.2,54.5,434.6,5.0,Good,1,1,97.5,3.9,High Focus,Excellent Focus
2026-07-08T11:11:54.593815,SESS_0042,24.3,46.5,491.6,32.0,Good,1,1,96.2,12.7,High Focus,Excellent Focus
2026-07-08T11:36:54.593815,SESS_0042,21.0,50.9,482.5,5.0,Good,1,1,95.9,7.0,High Focus,Excellent Focus
2026-07-08T12:01:54.593815,SESS_0043,24.8,54.2,465.1,55.4,Good,1,1,98.2,15.9,High Focus,Excellent Focus
2026-07-08T12:26:54.593815,SESS_0043,25.7,49.0,440.5,8.9,Slight Lean,1,1,91.2,9.4,High Focus,Excellent Focus
2026-07-08T12:51:54.593815,SESS_0043,27.5,55.7,576.0,5.0,Good,1,1,91.5,7.5,High Focus,Excellent Focus
2026-07-08T13:16:54.593815,SESS_0043,24.6,48.5,401.8,66.8,Good,1,1,95.3,22.3,High Focus,Excellent Focus
2026-07-08T13:41:54.593815,SESS_0043,27.7,45.8,543.0,107.4,Moderate Lean,1,1,80.5,45.5,High Focus,Excellent Focus
2026-07-08T14:06:54.593815,SESS_0043,24.0,50.0,502.5,10.0,Slight Lean,1,1,98.9,3.6,High Focus,Excellent Focus
2026-07-08T14:31:54.593815,SESS_0043,25.6,48.2,441.0,21.2,Good,1,1,98.2,7.9,High Focus,Excellent Focus
2026-07-08T14:56:54.593815,SESS_0043,24.8,54.5,445.0,58.1,Slight Lean,1,1,89.6,24.5,High Focus,Excellent Focus
2026-07-08T15:21:54.593815,SESS_0043,26.2,54.1,411.4,28.1,Good,1,1,95.4,10.6,High Focus,Excellent Focus
2026-07-08T15:46:54.593815,SESS_0043,22.0,55.5,518.2,10.6,Slight Lean,1,1,89.3,12.4,High Focus,Excellent Focus
2026-07-08T16:11:54.593815,SESS_0043,25.3,48.8,468.2,55.7,Moderate Lean,1,1,88.5,23.2,High Focus,Excellent Focus
2026-07-08T16:36:54.593815,SESS_0043,22.9,50.9,443.6,5.0,Good,1,1,94.2,5.4,High Focus,Excellent Focus
2026-07-08T17:01:54.593815,SESS_0043,24.9,51.7,519.1,77.9,Moderate Lean,1,1,83.8,34.8,High Focus,Excellent Focus
2026-07-08T17:26:54.593815,SESS_0043,25.1,52.2,487.1,45.9,Moderate Lean,1,1,88.7,19.6,High Focus,Excellent Focus
2026-07-08T17:51:54.593815,SESS_0043,24.7,58.7,462.0,64.9,Good,1,0,89.1,26.9,High Focus,Excellent Focus
2026-07-08T18:16:54.593815,SESS_0044,25.0,55.2,518.8,66.8,Poor,1,0,74.4,54.8,Moderate Focus,Good Productivity
2026-07-08T18:41:54.593815,SESS_0044,25.9,54.1,422.8,82.6,Poor,0,1,0.0,0.0,Inactive,User Absent
2026-07-08T19:06:54.593815,SESS_0044,25.6,50.3,570.3,75.6,Slight Lean,1,1,86.6,31.7,High Focus,Excellent Focus
2026-07-08T19:31:54.593815,SESS_0044,24.8,55.3,510.2,28.6,Slight Lean,1,1,92.5,13.4,High Focus,Excellent Focus
2026-07-08T19:56:54.593815,SESS_0044,27.7,52.3,498.9,49.4,Good,1,1,97.8,16.1,High Focus,Excellent Focus
2026-07-08T20:21:54.593815,SESS_0044,25.7,49.9,451.4,21.0,Good,1,1,97.1,8.3,High Focus,Excellent Focus
2026-07-08T20:46:54.593815,SESS_0044,24.8,46.2,519.7,11.4,Good,1,1,97.1,6.2,High Focus,Excellent Focus
2026-07-08T21:11:54.593815,SESS_0044,23.8,55.7,501.2,18.4,Good,1,1,97.4,5.1,High Focus,Excellent Focus
2026-07-08T21:36:54.593815,SESS_0044,22.7,41.5,527.1,84.8,Slight Lean,1,0,90.4,34.3,High Focus,Excellent Focus
2026-07-08T22:01:54.593815,SESS_0044,24.2,50.6,529.8,21.5,Good,1,1,100.0,7.5,High Focus,Excellent Focus
2026-07-08T22:26:54.593815,SESS_0044,24.0,52.8,455.8,41.8,Good,1,1,94.3,12.7,High Focus,Excellent Focus
2026-07-08T22:51:54.593815,SESS_0044,25.7,48.1,379.1,36.3,Good,1,1,94.8,14.3,High Focus,Excellent Focus
2026-07-08T23:16:54.593815,SESS_0044,24.5,50.2,511.0,5.0,Poor,1,0,77.8,33.4,Moderate Focus,Good Productivity
2026-07-08T23:41:54.593815,SESS_0044,23.5,52.8,496.1,22.5,Moderate Lean,1,1,89.0,16.7,High Focus,Excellent Focus
2026-07-09T00:06:54.593815,SESS_0044,23.0,46.7,405.5,38.8,Moderate Lean,0,1,0.0,0.0,Inactive,User Absent
2026-07-09T00:31:54.593815,SESS_0045,23.7,52.2,542.6,16.7,Good,0,1,0.0,0.0,Inactive,User Absent
2026-07-09T00:56:54.593815,SESS_0045,23.9,57.7,449.7,28.4,Slight Lean,0,1,0.0,0.0,Inactive,User Absent
2026-07-09T01:21:54.593815,SESS_0045,24.9,50.9,496.1,56.2,Good,1,1,96.5,17.9,High Focus,Excellent Focus
2026-07-09T01:46:54.593815,SESS_0045,22.2,52.0,451.9,17.0,Moderate Lean,1,1,88.1,15.3,High Focus,Excellent Focus
2026-07-09T02:11:54.593815,SESS_0045,25.9,49.3,440.9,5.0,Good,1,1,94.4,7.2,High Focus,Excellent Focus
2026-07-09T02:36:54.593815,SESS_0045,22.6,48.7,396.8,18.9,Good,1,1,90.4,14.2,High Focus,Excellent Focus
2026-07-09T03:01:54.593815,SESS_0045,24.3,49.9,427.9,7.2,Good,1,0,90.8,10.4,High Focus,Excellent Focus
2026-07-09T03:26:54.593815,SESS_0045,24.9,47.9,496.0,5.0,Slight Lean,1,1,94.9,8.3,High Focus,Excellent Focus
2026-07-09T03:51:54.593815,SESS_0045,25.3,49.6,492.9,5.0,Good,1,1,97.2,6.4,High Focus,Excellent Focus
2026-07-09T04:16:54.593815,SESS_0045,24.6,48.8,435.5,13.6,Moderate Lean,1,1,85.3,15.7,High Focus,Excellent Focus
2026-07-09T04:41:54.593815,SESS_0045,22.8,51.6,435.4,14.9,Good,1,1,96.6,9.3,High Focus,Excellent Focus
2026-07-09T05:06:54.593815,SESS_0045,24.5,53.8,545.0,6.8,Slight Lean,1,1,92.0,9.8,High Focus,Excellent Focus
2026-07-09T05:31:54.593815,SESS_0045,22.7,44.7,460.9,7.9,Good,1,1,95.4,7.4,High Focus,Excellent Focus
2026-07-09T05:56:54.593815,SESS_0045,24.3,52.4,452.5,5.0,Slight Lean,1,1,93.6,7.9,High Focus,Excellent Focus
2026-07-09T06:21:54.593815,SESS_0045,23.6,55.1,421.2,6.3,Good,1,1,96.4,5.6,High Focus,Excellent Focus
2026-07-09T06:46:54.593815,SESS_0046,25.7,46.6,424.6,40.4,Moderate Lean,1,1,84.9,24.6,High Focus,Excellent Focus
2026-07-09T07:11:54.593815,SESS_0046,26.2,52.3,431.6,8.8,Slight Lean,1,1,91.5,9.5,High Focus,Excellent Focus
2026-07-09T07:36:54.593815,SESS_0046,23.1,55.1,563.7,47.6,Good,1,1,97.3,13.9,High Focus,Excellent Focus
2026-07-09T08:01:54.593815,SESS_0046,24.3,46.0,453.8,5.0,Moderate Lean,1,1,89.1,11.7,High Focus,Excellent Focus
2026-07-09T08:26:54.593815,SESS_0046,25.6,47.1,537.4,5.0,Good,1,1,93.7,8.4,High Focus,Excellent Focus
2026-07-09T08:51:54.593815,SESS_0046,23.5,50.3,457.4,5.0,Slight Lean,1,1,91.9,7.8,High Focus,Excellent Focus
2026-07-09T09:16:54.593815,SESS_0046,24.4,52.7,469.3,7.1,Slight Lean,1,1,94.7,9.6,High Focus,Excellent Focus
2026-07-09T09:41:54.593815,SESS_0046,24.7,54.5,410.5,7.3,Good,1,1,96.0,5.5,High Focus,Excellent Focus
2026-07-09T10:06:54.593815,SESS_0046,25.3,55.6,447.4,16.5,Poor,0,1,0.0,0.0,Inactive,User Absent
2026-07-09T10:31:54.593815,SESS_0046,25.8,51.9,403.4,54.5,Poor,1,1,77.2,48.2,Moderate Focus,Good Productivity
2026-07-09T10:56:54.593815,SESS_0046,25.6,52.0,474.9,23.5,Good,1,1,92.4,13.2,High Focus,Excellent Focus
2026-07-09T11:21:54.593815,SESS_0046,24.7,54.0,514.6,16.7,Good,1,1,98.7,7.2,High Focus,Excellent Focus
2026-07-09T11:46:54.593815,SESS_0046,24.2,55.2,452.2,113.2,Slight Lean,1,1,87.5,38.6,High Focus,Excellent Focus
2026-07-09T12:11:54.593815,SESS_0046,25.1,52.3,452.2,20.6,Good,1,1,96.4,7.9,High Focus,Excellent Focus
2026-07-09T12:36:54.593815,SESS_0046,27.2,48.4,544.6,40.3,Good,1,1,96.5,12.5,High Focus,Excellent Focus
2026-07-09T13:01:54.593815,SESS_0047,22.5,51.8,530.5,26.4,Good,1,1,94.4,10.9,High Focus,Excellent Focus
2026-07-09T13:26:54.593815,SESS_0047,20.9,51.2,527.5,49.1,Good,1,1,93.9,16.0,High Focus,Excellent Focus
2026-07-09T13:51:54.593815,SESS_0047,24.1,49.8,528.0,32.0,Good,1,1,98.4,10.3,High Focus,Excellent Focus
2026-07-09T14:16:54.593815,SESS_0047,23.5,56.3,512.9,58.7,Poor,1,1,78.9,48.4,Moderate Focus,Good Productivity
2026-07-09T14:41:54.593815,SESS_0047,26.2,46.3,462.5,67.7,Good,1,1,91.5,23.0,High Focus,Excellent Focus
2026-07-09T15:06:54.593815,SESS_0047,26.6,55.1,475.6,16.6,Moderate Lean,1,1,88.3,16.5,High Focus,Excellent Focus
2026-07-09T15:31:54.593815,SESS_0047,24.1,46.5,505.8,30.7,Slight Lean,1,1,92.7,13.2,High Focus,Excellent Focus
2026-07-09T15:56:54.593815,SESS_0047,25.2,53.2,386.2,78.1,Poor,1,1,73.1,61.3,Moderate Focus,Good Productivity
2026-07-09T16:21:54.593815,SESS_0047,24.6,53.7,449.6,14.4,Good,1,1,97.5,9.8,High Focus,Excellent Focus
2026-07-09T16:46:54.593815,SESS_0047,26.3,47.0,497.3,19.1,Slight Lean,1,1,94.2,10.7,High Focus,Excellent Focus
2026-07-09T17:11:54.593815,SESS_0047,25.0,51.7,505.3,8.5,Good,1,0,97.2,6.6,High Focus,Excellent Focus
2026-07-09T17:36:54.593815,SESS_0047,26.6,50.1,605.1,30.1,Good,1,1,95.0,9.4,High Focus,Excellent Focus
2026-07-09T18:01:54.593815,SESS_0047,25.3,49.1,576.2,23.0,Slight Lean,1,1,91.2,15.2,High Focus,Excellent Focus
2026-07-09T18:26:54.593815,SESS_0047,22.1,52.9,470.3,102.4,Moderate Lean,1,1,75.7,49.3,Moderate Focus,Good Productivity
2026-07-09T18:51:54.593815,SESS_0047,21.6,49.9,562.2,26.5,Good,1,1,95.6,14.6,High Focus,Excellent Focus
2026-07-09T19:16:54.593815,SESS_0048,25.0,50.7,400.2,22.4,Slight Lean,1,1,91.4,15.1,High Focus,Excellent Focus
2026-07-09T19:41:54.593815,SESS_0048,24.5,46.1,430.8,5.0,Good,1,0,93.4,9.6,High Focus,Excellent Focus
2026-07-09T20:06:54.593815,SESS_0048,24.2,49.2,401.0,5.0,Slight Lean,0,1,0.0,0.0,Inactive,User Absent
2026-07-09T20:31:54.593815,SESS_0048,27.5,46.0,387.4,15.2,Good,1,0,91.4,12.0,High Focus,Excellent Focus
2026-07-09T20:56:54.593815,SESS_0048,23.4,51.8,463.7,135.6,Moderate Lean,1,1,79.7,46.5,Moderate Focus,Good Productivity
2026-07-09T21:21:54.593815,SESS_0048,25.7,46.0,422.4,56.7,Moderate Lean,1,0,76.1,36.6,Moderate Focus,Good Productivity
2026-07-09T21:46:54.593815,SESS_0048,22.9,54.1,478.5,37.7,Good,1,1,93.1,16.8,High Focus,Excellent Focus
2026-07-09T22:11:54.593815,SESS_0048,25.8,49.5,515.0,5.0,Moderate Lean,1,1,94.1,9.2,High Focus,Excellent Focus
2026-07-09T22:36:54.593815,SESS_0048,22.2,51.8,453.0,107.9,Good,1,1,85.5,39.8,High Focus,Excellent Focus
2026-07-09T23:01:54.593815,SESS_0048,26.5,52.6,528.1,41.8,Poor,1,1,79.4,43.4,Moderate Focus,Good Productivity
2026-07-09T23:26:54.593815,SESS_0048,25.6,49.6,441.6,9.0,Moderate Lean,1,1,88.0,14.7,High Focus,Excellent Focus
2026-07-09T23:51:54.593815,SESS_0048,22.8,54.7,508.6,25.7,Slight Lean,1,1,91.9,15.4,High Focus,Excellent Focus
2026-07-10T00:16:54.593815,SESS_0048,22.6,50.7,467.7,25.3,Slight Lean,1,0,88.8,17.1,High Focus,Excellent Focus
2026-07-10T00:41:54.593815,SESS_0048,25.4,48.6,563.9,5.0,Good,1,1,92.3,8.9,High Focus,Excellent Focus
2026-07-10T01:06:54.593815,SESS_0048,23.8,51.3,483.3,5.0,Slight Lean,1,1,95.9,5.5,High Focus,Excellent Focus
2026-07-10T01:31:54.593815,SESS_0049,26.1,49.6,425.1,111.3,Good,1,0,86.6,37.0,High Focus,Excellent Focus
2026-07-10T01:56:54.593815,SESS_0049,22.8,54.6,518.5,106.0,Good,1,1,89.8,34.3,High Focus,Excellent Focus
2026-07-10T02:21:54.593815,SESS_0049,24.3,51.3,405.0,14.5,Good,0,0,0.0,0.0,Inactive,User Absent
2026-07-10T02:46:54.593815,SESS_0049,23.4,55.2,455.3,22.8,Poor,1,1,79.4,38.6,Moderate Focus,Good Productivity
2026-07-10T03:11:54.593815,SESS_0049,26.1,48.3,557.9,23.5,Good,1,1,92.7,11.9,High Focus,Excellent Focus
2026-07-10T03:36:54.593815,SESS_0049,25.5,50.5,464.0,25.7,Poor,1,1,79.7,37.2,Moderate Focus,Good Productivity
2026-07-10T04:01:54.593815,SESS_0049,23.6,50.5,527.9,6.6,Slight Lean,1,0,90.8,13.4,High Focus,Excellent Focus
2026-07-10T04:26:54.593815,SESS_0049,25.9,56.9,446.0,21.2,Good,1,1,94.9,10.4,High Focus,Excellent Focus
2026-07-10T04:51:54.593815,SESS_0049,26.0,55.5,474.5,150.0,Good,1,1,82.2,42.9,High Focus,Excellent Focus
2026-07-10T05:16:54.593815,SESS_0049,20.7,51.9,504.2,34.9,Slight Lean,1,1,93.0,16.2,High Focus,Excellent Focus
2026-07-10T05:41:54.593815,SESS_0049,22.4,41.8,499.4,47.8,Slight Lean,1,1,92.3,18.5,High Focus,Excellent Focus
2026-07-10T06:06:54.593815,SESS_0049,24.5,43.3,546.0,84.1,Good,1,1,92.7,27.6,High Focus,Excellent Focus
2026-07-10T06:31:54.593815,SESS_0049,23.6,51.3,480.6,13.7,Good,1,1,98.1,7.0,High Focus,Excellent Focus
2026-07-10T06:56:54.593815,SESS_0049,24.4,47.7,449.8,5.5,Good,1,0,95.5,4.8,High Focus,Excellent Focus
2026-07-10T07:21:54.593815,SESS_0049,22.3,50.4,455.8,112.5,Good,1,1,85.3,37.7,High Focus,Excellent Focus
2026-07-10T07:46:54.593815,SESS_0050,24.4,50.7,528.8,49.5,Good,1,1,97.6,14.0,High Focus,Excellent Focus
2026-07-10T08:11:54.593815,SESS_0050,23.3,49.0,456.1,25.2,Slight Lean,1,0,90.5,13.8,High Focus,Excellent Focus
2026-07-10T08:36:54.593815,SESS_0050,27.2,50.4,526.8,30.7,Slight Lean,1,1,87.8,19.1,High Focus,Excellent Focus
2026-07-10T09:01:54.593815,SESS_0050,26.0,45.5,329.6,13.1,Good,1,1,94.0,6.8,High Focus,Excellent Focus
2026-07-10T09:26:54.593815,SESS_0050,25.3,48.6,401.4,150.0,Slight Lean,1,1,79.1,45.0,Moderate Focus,Good Productivity
2026-07-10T09:51:54.593815,SESS_0050,25.2,41.0,437.2,5.0,Good,0,1,0.0,0.0,Inactive,User Absent
2026-07-10T10:16:54.593815,SESS_0050,22.9,50.4,501.5,33.8,Good,1,0,93.9,15.4,High Focus,Excellent Focus
2026-07-10T10:41:54.593815,SESS_0050,27.1,49.3,496.2,30.5,Good,1,1,92.8,13.1,High Focus,Excellent Focus
2026-07-10T11:06:54.593815,SESS_0050,24.0,59.8,478.0,10.3,Good,0,1,0.0,0.0,Inactive,User Absent
2026-07-10T11:31:54.593815,SESS_0050,27.1,52.5,493.8,37.8,Good,1,1,96.2,15.2,High Focus,Excellent Focus
2026-07-10T11:56:54.593815,SESS_0050,23.6,49.6,423.5,17.0,Good,1,1,98.8,4.9,High Focus,Excellent Focus
2026-07-10T12:21:54.593815,SESS_0050,26.5,50.7,387.9,66.4,Good,1,1,93.4,22.1,High Focus,Excellent Focus
2026-07-10T12:46:54.593815,SESS_0050,23.5,45.0,481.6,5.0,Poor,1,1,80.9,35.6,High Focus,Excellent Focus
2026-07-10T13:11:54.593815,SESS_0050,25.2,50.8,533.8,6.0,Good,1,1,97.5,5.6,High Focus,Excellent Focus
2026-07-10T13:36:54.593815,SESS_0050,24.8,56.7,511.1,18.6,Good,1,1,97.0,6.3,High Focus,Excellent Focus
2026-07-10T14:01:54.593815,SESS_0051,25.9,50.0,518.0,136.0,Good,1,0,81.6,40.6,High Focus,Excellent Focus
2026-07-10T14:26:54.593815,SESS_0051,23.7,57.8,493.6,12.8,Good,1,1,96.6,5.8,High Focus,Excellent Focus
2026-07-10T14:51:54.593815,SESS_0051,22.6,47.2,378.9,8.5,Slight Lean,1,0,87.1,13.0,High Focus,Excellent Focus
2026-07-10T15:16:54.593815,SESS_0051,21.5,52.0,482.3,11.1,Good,1,1,98.0,6.2,High Focus,Excellent Focus
2026-07-10T15:41:54.593815,SESS_0051,23.4,51.7,457.1,36.3,Slight Lean,1,1,93.6,14.2,High Focus,Excellent Focus
2026-07-10T16:06:54.593815,SESS_0051,25.5,50.5,540.3,9.8,Good,1,1,99.1,1.1,High Focus,Excellent Focus
2026-07-10T16:31:54.593815,SESS_0051,23.0,51.4,430.8,9.6,Poor,1,1,77.8,39.1,Moderate Focus,Good Productivity
2026-07-10T16:56:54.593815,SESS_0051,23.5,49.0,418.0,19.8,Poor,1,1,78.2,39.8,Moderate Focus,Good Productivity
2026-07-10T17:21:54.593815,SESS_0051,24.2,49.4,482.2,60.2,Poor,1,1,76.1,51.1,Moderate Focus,Good Productivity
2026-07-10T17:46:54.593815,SESS_0051,24.6,55.9,427.7,15.0,Slight Lean,1,1,93.1,10.1,High Focus,Excellent Focus
2026-07-10T18:11:54.593815,SESS_0051,24.5,50.6,541.0,58.1,Good,1,1,93.6,22.3,High Focus,Excellent Focus
2026-07-10T18:36:54.593815,SESS_0051,23.7,49.4,390.6,51.9,Good,1,1,95.7,15.5,High Focus,Excellent Focus
2026-07-10T19:01:54.593815,SESS_0051,25.6,51.7,503.7,33.6,Slight Lean,1,1,92.8,15.3,High Focus,Excellent Focus
2026-07-10T19:26:54.593815,SESS_0051,22.0,54.0,389.8,87.9,Slight Lean,1,1,88.9,34.6,High Focus,Excellent Focus
2026-07-10T19:51:54.593815,SESS_0051,23.6,51.1,477.6,14.9,Slight Lean,1,1,90.7,13.1,High Focus,Excellent Focus
2026-07-10T20:16:54.593815,SESS_0052,22.6,47.0,437.7,24.9,Slight Lean,1,1,92.9,14.4,High Focus,Excellent Focus
2026-07-10T20:41:54.593815,SESS_0052,24.8,49.9,509.6,5.0,Good,1,1,99.3,3.5,High Focus,Excellent Focus
2026-07-10T21:06:54.593815,SESS_0052,25.1,57.5,529.1,24.5,Good,1,1,95.5,10.7,High Focus,Excellent Focus
2026-07-10T21:31:54.593815,SESS_0052,23.6,51.8,392.9,31.5,Slight Lean,1,1,90.7,17.8,High Focus,Excellent Focus
2026-07-10T21:56:54.593815,SESS_0052,23.4,49.2,501.9,5.0,Good,1,1,92.8,11.5,High Focus,Excellent Focus
2026-07-10T22:21:54.593815,SESS_0052,24.9,48.3,487.9,39.3,Poor,1,1,81.8,39.4,High Focus,Excellent Focus
2026-07-10T22:46:54.593815,SESS_0052,23.6,53.0,472.5,37.7,Slight Lean,1,1,94.6,16.1,High Focus,Excellent Focus
2026-07-10T23:11:54.593815,SESS_0052,25.0,49.1,522.0,16.7,Good,1,0,91.3,13.4,High Focus,Excellent Focus
2026-07-10T23:36:54.593815,SESS_0052,24.3,53.7,505.6,146.7,Slight Lean,1,1,82.7,43.9,High Focus,Excellent Focus
2026-07-11T00:01:54.593815,SESS_0052,23.3,52.2,473.7,5.0,Slight Lean,0,1,0.0,0.0,Inactive,User Absent
2026-07-11T00:26:54.593815,SESS_0052,25.7,54.8,457.2,48.4,Slight Lean,1,1,91.1,20.9,High Focus,Excellent Focus
2026-07-11T00:51:54.593815,SESS_0052,23.0,42.3,490.0,14.9,Poor,1,0,77.9,36.7,Moderate Focus,Good Productivity
2026-07-11T01:16:54.593815,SESS_0052,24.6,50.8,491.5,26.0,Good,1,1,100.0,4.9,High Focus,Excellent Focus
2026-07-11T01:41:54.593815,SESS_0052,26.3,54.3,435.0,5.4,Slight Lean,1,1,89.7,11.2,High Focus,Excellent Focus
2026-07-11T02:06:54.593815,SESS_0052,24.7,54.5,493.2,88.6,Good,1,1,88.6,30.2,High Focus,Excellent Focus
2026-07-11T02:31:54.593815,SESS_0053,24.8,49.0,452.3,21.9,Good,1,0,95.0,10.9,High Focus,Excellent Focus
2026-07-11T02:56:54.593815,SESS_0053,22.3,50.3,538.9,16.8,Good,1,1,94.2,10.1,High Focus,Excellent Focus
2026-07-11T03:21:54.593815,SESS_0053,25.2,56.2,455.3,8.1,Good,1,0,91.8,10.4,High Focus,Excellent Focus
2026-07-11T03:46:54.593815,SESS_0053,23.6,51.3,450.3,68.5,Good,1,1,91.2,23.9,High Focus,Excellent Focus
2026-07-11T04:11:54.593815,SESS_0053,22.3,53.3,539.4,54.1,Good,1,1,98.1,13.8,High Focus,Excellent Focus
2026-07-11T04:36:54.593815,SESS_0053,25.4,48.0,462.9,5.6,Slight Lean,1,1,95.2,6.8,High Focus,Excellent Focus
2026-07-11T05:01:54.593815,SESS_0053,24.7,52.4,496.2,38.5,Moderate Lean,1,1,91.8,18.9,High Focus,Excellent Focus
2026-07-11T05:26:54.593815,SESS_0053,25.9,53.2,502.5,13.5,Slight Lean,1,1,91.0,14.0,High Focus,Excellent Focus
2026-07-11T05:51:54.593815,SESS_0053,22.8,52.0,437.7,10.7,Poor,1,1,80.5,35.5,High Focus,Excellent Focus
2026-07-11T06:16:54.593815,SESS_0053,24.5,49.4,461.3,56.9,Good,1,1,97.7,16.5,High Focus,Excellent Focus
2026-07-11T06:41:54.593815,SESS_0053,25.1,47.6,450.5,46.0,Good,1,1,95.5,18.2,High Focus,Excellent Focus
2026-07-11T07:06:54.593815,SESS_0053,25.3,49.2,387.0,20.8,Slight Lean,1,0,86.6,16.6,High Focus,Excellent Focus
2026-07-11T07:31:54.593815,SESS_0053,22.3,52.4,469.3,90.5,Slight Lean,1,1,87.7,35.4,High Focus,Excellent Focus
2026-07-11T07:56:54.593815,SESS_0053,23.5,50.8,504.5,116.5,Good,1,1,86.1,40.5,High Focus,Excellent Focus
2026-07-11T08:21:54.593815,SESS_0053,23.7,47.7,471.1,63.5,Slight Lean,1,0,86.1,28.1,High Focus,Excellent Focus
2026-07-11T08:46:54.593815,SESS_0054,25.3,55.7,416.9,30.8,Good,1,1,97.7,11.7,High Focus,Excellent Focus
2026-07-11T09:11:54.593815,SESS_0054,22.6,53.7,477.3,88.6,Good,1,1,89.6,34.4,High Focus,Excellent Focus
2026-07-11T09:36:54.593815,SESS_0054,24.9,54.8,540.0,150.0,Moderate Lean,1,1,76.3,47.7,Moderate Focus,Good Productivity
2026-07-11T10:01:54.593815,SESS_0054,24.8,49.9,469.1,39.8,Slight Lean,1,1,95.8,11.6,High Focus,Excellent Focus
2026-07-11T10:26:54.593815,SESS_0054,21.8,54.7,441.3,110.1,Good,1,1,87.2,38.7,High Focus,Excellent Focus
2026-07-11T10:51:54.593815,SESS_0054,24.4,50.8,500.5,40.1,Moderate Lean,1,1,89.1,19.5,High Focus,Excellent Focus
2026-07-11T11:16:54.593815,SESS_0054,25.7,56.1,408.7,6.3,Slight Lean,1,0,87.1,15.5,High Focus,Excellent Focus
2026-07-11T11:41:54.593815,SESS_0054,23.0,57.0,435.2,5.0,Good,1,1,95.5,5.4,High Focus,Excellent Focus
2026-07-11T12:06:54.593815,SESS_0054,25.1,48.6,437.8,43.5,Slight Lean,1,1,96.0,14.9,High Focus,Excellent Focus
2026-07-11T12:31:54.593815,SESS_0054,23.7,50.0,520.4,19.0,Good,1,1,96.2,8.2,High Focus,Excellent Focus
2026-07-11T12:56:54.593815,SESS_0054,23.6,51.1,485.2,21.5,Slight Lean,1,1,92.9,13.7,High Focus,Excellent Focus
2026-07-11T13:21:54.593815,SESS_0054,24.8,47.6,479.7,74.0,Poor,1,1,79.2,54.0,Moderate Focus,Good Productivity
2026-07-11T13:46:54.593815,SESS_0054,23.9,48.3,507.4,17.9,Good,1,1,96.4,8.4,High Focus,Excellent Focus
2026-07-11T14:11:54.593815,SESS_0054,25.3,43.4,479.6,67.7,Good,1,0,90.7,28.3,High Focus,Excellent Focus
2026-07-11T14:36:54.593815,SESS_0054,24.1,54.2,491.4,21.2,Good,1,1,100.0,7.3,High Focus,Excellent Focus
2026-07-11T15:01:54.593815,SESS_0055,23.0,50.1,462.7,9.5,Good,1,1,97.4,3.7,High Focus,Excellent Focus
2026-07-11T15:26:54.593815,SESS_0055,26.1,46.6,481.1,128.5,Good,1,1,88.8,35.4,High Focus,Excellent Focus
2026-07-11T15:51:54.593815,SESS_0055,24.6,49.9,537.3,5.0,Good,0,1,0.0,0.0,Inactive,User Absent
2026-07-11T16:16:54.593815,SESS_0055,20.5,56.8,450.7,23.4,Good,1,1,92.0,15.0,High Focus,Excellent Focus
2026-07-11T16:41:54.593815,SESS_0055,25.0,55.4,446.6,39.6,Good,1,1,94.8,14.6,High Focus,Excellent Focus
2026-07-11T17:06:54.593815,SESS_0055,26.2,53.1,460.2,44.3,Slight Lean,1,0,88.0,18.7,High Focus,Excellent Focus
2026-07-11T17:31:54.593815,SESS_0055,25.2,46.7,379.1,33.4,Good,1,1,89.1,21.9,High Focus,Excellent Focus
2026-07-11T17:56:54.593815,SESS_0055,24.0,50.2,611.9,8.5,Good,1,0,88.8,13.0,High Focus,Excellent Focus
2026-07-11T18:21:54.593815,SESS_0055,24.2,53.2,482.3,39.9,Slight Lean,1,1,95.4,13.0,High Focus,Excellent Focus
2026-07-11T18:46:54.593815,SESS_0055,24.7,48.2,467.6,39.0,Good,1,1,100.0,9.3,High Focus,Excellent Focus
2026-07-11T19:11:54.593815,SESS_0055,23.7,49.4,515.9,49.6,Good,1,1,96.5,16.7,High Focus,Excellent Focus
2026-07-11T19:36:54.593815,SESS_0055,20.8,46.7,527.9,35.3,Good,1,1,95.8,11.4,High Focus,Excellent Focus
2026-07-11T20:01:54.593815,SESS_0055,25.7,47.6,514.6,38.1,Poor,1,1,83.0,36.8,High Focus,Excellent Focus
2026-07-11T20:26:54.593815,SESS_0055,23.4,54.1,536.5,9.5,Moderate Lean,1,1,86.1,14.8,High Focus,Excellent Focus
2026-07-11T20:51:54.593815,SESS_0055,22.5,49.3,475.9,16.5,Slight Lean,1,1,93.6,10.1,High Focus,Excellent Focus
2026-07-11T21:16:54.593815,SESS_0056,24.9,52.5,454.6,38.3,Good,1,1,97.1,11.8,High Focus,Excellent Focus
2026-07-11T21:41:54.593815,SESS_0056,23.1,45.9,513.3,20.5,Good,1,1,97.8,7.1,High Focus,Excellent Focus
2026-07-11T22:06:54.593815,SESS_0056,25.3,50.7,557.8,91.1,Good,1,1,89.4,34.3,High Focus,Excellent Focus
2026-07-11T22:31:54.593815,SESS_0056,25.1,52.2,484.1,5.0,Good,1,1,97.3,4.1,High Focus,Excellent Focus
2026-07-11T22:56:54.593815,SESS_0056,22.9,57.6,528.9,5.0,Poor,1,0,77.7,35.7,Moderate Focus,Good Productivity
2026-07-11T23:21:54.593815,SESS_0056,25.9,52.8,481.3,24.6,Poor,1,1,79.9,37.1,Moderate Focus,Good Productivity
2026-07-11T23:46:54.593815,SESS_0056,24.5,51.1,579.8,58.0,Poor,1,0,72.8,53.6,Moderate Focus,Good Productivity
2026-07-12T00:11:54.593815,SESS_0056,23.0,52.7,494.5,6.8,Moderate Lean,1,1,90.2,11.5,High Focus,Excellent Focus
2026-07-12T00:36:54.593815,SESS_0056,25.3,51.7,447.4,11.7,Moderate Lean,1,1,88.8,14.9,High Focus,Excellent Focus
2026-07-12T01:01:54.593815,SESS_0056,24.5,52.5,560.2,5.7,Good,1,1,96.2,8.2,High Focus,Excellent Focus
2026-07-12T01:26:54.593815,SESS_0056,27.3,50.4,438.7,76.8,Good,1,1,90.5,28.1,High Focus,Excellent Focus
2026-07-12T01:51:54.593815,SESS_0056,23.8,52.0,405.1,62.2,Moderate Lean,1,1,87.2,29.3,High Focus,Excellent Focus
2026-07-12T02:16:54.593815,SESS_0056,22.7,53.7,431.7,82.8,Good,1,1,88.4,32.7,High Focus,Excellent Focus
2026-07-12T02:41:54.593815,SESS_0056,22.8,50.1,531.5,5.0,Poor,1,0,78.5,36.8,Moderate Focus,Good Productivity
2026-07-12T03:06:54.593815,SESS_0056,24.5,51.1,516.9,120.1,Slight Lean,1,1,80.5,45.7,High Focus,Excellent Focus
2026-07-12T03:31:54.593815,SESS_0057,24.5,55.2,425.2,75.0,Good,1,1,86.0,32.2,High Focus,Excellent Focus
2026-07-12T03:56:54.593815,SESS_0057,26.1,50.6,375.4,34.0,Good,1,1,95.8,11.7,High Focus,Excellent Focus
2026-07-12T04:21:54.593815,SESS_0057,21.6,50.4,466.7,119.3,Good,1,1,85.4,38.3,High Focus,Excellent Focus
2026-07-12T04:46:54.593815,SESS_0057,23.8,44.4,460.7,5.0,Moderate Lean,1,1,88.7,9.6,High Focus,Excellent Focus
2026-07-12T05:11:54.593815,SESS_0057,21.6,53.6,505.4,19.0,Slight Lean,1,1,92.5,11.0,High Focus,Excellent Focus
2026-07-12T05:36:54.593815,SESS_0057,23.4,56.5,467.1,9.2,Slight Lean,0,0,0.0,0.0,Inactive,User Absent
2026-07-12T06:01:54.593815,SESS_0057,26.5,49.5,517.8,9.2,Slight Lean,1,0,86.1,15.7,High Focus,Excellent Focus
2026-07-12T06:26:54.593815,SESS_0057,25.1,49.8,523.4,51.3,Moderate Lean,1,0,85.8,26.6,High Focus,Excellent Focus
2026-07-12T06:51:54.593815,SESS_0057,24.3,50.4,437.7,8.7,Poor,1,1,80.5,34.7,High Focus,Excellent Focus
2026-07-12T07:16:54.593815,SESS_0057,24.2,45.0,496.6,48.5,Good,1,1,98.9,11.4,High Focus,Excellent Focus
2026-07-12T07:41:54.593815,SESS_0057,25.3,53.2,384.4,6.6,Poor,1,1,78.8,33.6,Moderate Focus,Good Productivity
2026-07-12T08:06:54.593815,SESS_0057,22.5,51.9,560.1,5.0,Good,1,1,96.8,4.2,High Focus,Excellent Focus
2026-07-12T08:31:54.593815,SESS_0057,26.1,52.9,371.1,5.0,Good,1,1,92.9,8.8,High Focus,Excellent Focus
2026-07-12T08:56:54.593815,SESS_0057,25.1,51.2,416.1,26.7,Slight Lean,1,1,93.7,13.2,High Focus,Excellent Focus
2026-07-12T09:21:54.593815,SESS_0057,26.2,59.2,523.5,5.8,Slight Lean,0,1,0.0,0.0,Inactive,User Absent
2026-07-12T09:46:54.593815,SESS_0058,25.8,50.0,493.4,14.3,Good,1,1,96.0,5.5,High Focus,Excellent Focus
2026-07-12T10:11:54.593815,SESS_0058,24.4,45.1,489.5,5.0,Good,1,1,97.5,2.9,High Focus,Excellent Focus
2026-07-12T10:36:54.593815,SESS_0058,24.7,51.2,542.9,29.9,Poor,1,0,75.0,44.8,Moderate Focus,Good Productivity
2026-07-12T11:01:54.593815,SESS_0058,23.6,47.4,413.0,5.0,Good,1,1,96.3,5.8,High Focus,Excellent Focus
2026-07-12T11:26:54.593815,SESS_0058,25.4,48.4,459.3,6.3,Good,1,1,98.6,5.0,High Focus,Excellent Focus
2026-07-12T11:51:54.593815,SESS_0058,23.3,52.7,511.6,9.4,Good,1,1,96.1,6.6,High Focus,Excellent Focus
2026-07-12T12:16:54.593815,SESS_0058,23.9,53.6,471.3,42.0,Good,1,0,91.9,16.8,High Focus,Excellent Focus
2026-07-12T12:41:54.593815,SESS_0058,23.7,50.6,426.8,20.5,Good,0,1,0.0,0.0,Inactive,User Absent
2026-07-12T13:06:54.593815,SESS_0058,24.5,55.2,446.9,65.0,Good,1,1,93.3,21.4,High Focus,Excellent Focus
2026-07-12T13:31:54.593815,SESS_0058,23.1,49.7,512.2,8.4,Good,1,1,99.0,1.9,High Focus,Excellent Focus
2026-07-12T13:56:54.593815,SESS_0058,24.1,47.9,495.2,150.0,Moderate Lean,1,0,71.5,55.5,Moderate Focus,Good Productivity
2026-07-12T14:21:54.593815,SESS_0058,25.7,51.6,416.4,19.0,Slight Lean,1,1,92.6,12.8,High Focus,Excellent Focus
2026-07-12T14:46:54.593815,SESS_0058,25.9,54.1,498.3,89.8,Poor,1,0,75.0,59.9,Moderate Focus,Good Productivity
2026-07-12T15:11:54.593815,SESS_0058,25.3,55.9,502.4,50.9,Good,1,1,95.4,17.2,High Focus,Excellent Focus
2026-07-12T15:36:54.593815,SESS_0058,23.3,49.2,429.6,5.0,Slight Lean,1,1,94.8,3.2,High Focus,Excellent Focus
2026-07-12T16:01:54.593815,SESS_0059,26.6,54.9,457.0,5.1,Slight Lean,1,1,93.3,7.7,High Focus,Excellent Focus
2026-07-12T16:26:54.593815,SESS_0059,24.8,52.4,480.0,5.0,Good,1,1,99.4,0.0,High Focus,Excellent Focus
2026-07-12T16:51:54.593815,SESS_0059,25.3,50.3,484.1,35.7,Slight Lean,1,0,89.3,17.7,High Focus,Excellent Focus
2026-07-12T17:16:54.593815,SESS_0059,25.6,54.6,459.8,8.7,Moderate Lean,1,1,88.0,16.1,High Focus,Excellent Focus
2026-07-12T17:41:54.593815,SESS_0059,25.6,54.4,496.3,80.9,Good,1,1,89.8,31.1,High Focus,Excellent Focus
2026-07-12T18:06:54.593815,SESS_0059,24.4,47.0,472.4,19.7,Good,1,1,97.1,8.3,High Focus,Excellent Focus
2026-07-12T18:31:54.593815,SESS_0059,23.6,50.2,433.0,61.1,Poor,1,1,80.2,46.0,High Focus,Excellent Focus
2026-07-12T18:56:54.593815,SESS_0059,20.5,49.1,545.4,23.4,Slight Lean,1,1,88.3,15.5,High Focus,Excellent Focus
2026-07-12T19:21:54.593815,SESS_0059,26.4,51.4,499.5,44.4,Slight Lean,1,1,89.2,20.5,High Focus,Excellent Focus
2026-07-12T19:46:54.593815,SESS_0059,23.2,51.5,494.0,34.4,Good,1,1,96.8,11.9,High Focus,Excellent Focus
2026-07-12T20:11:54.593815,SESS_0059,24.8,59.4,375.0,5.0,Good,1,1,95.7,4.2,High Focus,Excellent Focus
2026-07-12T20:36:54.593815,SESS_0059,21.1,52.1,569.1,28.4,Good,1,1,95.8,10.0,High Focus,Excellent Focus
2026-07-12T21:01:54.593815,SESS_0059,23.9,49.4,390.2,11.4,Good,1,0,91.3,13.6,High Focus,Excellent Focus
2026-07-12T21:26:54.593815,SESS_0059,26.3,49.9,541.4,5.0,Good,1,1,99.4,3.0,High Focus,Excellent Focus
2026-07-12T21:51:54.593815,SESS_0059,24.5,50.2,483.8,101.4,Good,1,1,89.9,35.2,High Focus,Excellent Focus
2026-07-12T22:16:54.593815,SESS_0060,25.2,53.3,476.9,44.8,Moderate Lean,1,1,88.3,21.8,High Focus,Excellent Focus
2026-07-12T22:41:54.593815,SESS_0060,24.2,45.4,593.9,17.7,Slight Lean,1,1,89.8,14.6,High Focus,Excellent Focus
2026-07-12T23:06:54.593815,SESS_0060,22.7,52.7,529.4,16.5,Good,1,1,97.6,7.3,High Focus,Excellent Focus
2026-07-12T23:31:54.593815,SESS_0060,25.5,59.4,589.3,32.6,Moderate Lean,1,0,81.2,25.6,High Focus,Excellent Focus
2026-07-12T23:56:54.593815,SESS_0060,25.8,48.1,486.6,21.4,Good,1,1,98.6,8.4,High Focus,Excellent Focus
2026-07-13T00:21:54.593815,SESS_0060,21.6,50.9,536.1,46.1,Good,1,1,94.9,16.3,High Focus,Excellent Focus
2026-07-13T00:46:54.593815,SESS_0060,24.9,49.9,517.0,15.1,Good,1,1,99.1,4.7,High Focus,Excellent Focus
2026-07-13T01:11:54.593815,SESS_0060,24.3,49.5,464.7,8.9,Good,1,1,99.5,0.0,High Focus,Excellent Focus
2026-07-13T01:36:54.593815,SESS_0060,22.8,51.5,491.3,28.1,Slight Lean,1,1,93.6,13.9,High Focus,Excellent Focus
2026-07-13T02:01:54.593815,SESS_0060,22.8,50.2,510.5,51.1,Good,1,1,93.1,22.0,High Focus,Excellent Focus
2026-07-13T02:26:54.593815,SESS_0060,24.6,57.1,582.7,5.0,Moderate Lean,1,0,83.8,15.8,High Focus,Excellent Focus
2026-07-13T02:51:54.593815,SESS_0060,25.8,59.1,479.1,5.0,Moderate Lean,1,0,85.0,18.1,High Focus,Excellent Focus
2026-07-13T03:16:54.593815,SESS_0060,24.8,53.2,466.1,8.5,Slight Lean,1,0,87.6,17.1,High Focus,Excellent Focus
2026-07-13T03:41:54.593815,SESS_0060,24.3,49.8,524.5,118.9,Good,1,1,86.1,40.1,High Focus,Excellent Focus
2026-07-13T04:06:54.593815,SESS_0060,23.7,51.2,446.4,5.0,Slight Lean,1,1,95.3,6.7,High Focus,Excellent Focus
2026-07-13T04:31:54.593815,SESS_0061,24.8,51.3,500.0,29.1,Good,1,1,98.5,8.9,High Focus,Excellent Focus
2026-07-13T04:56:54.593815,SESS_0061,23.1,51.9,430.2,26.3,Good,1,0,92.1,12.4,High Focus,Excellent Focus
2026-07-13T05:21:54.593815,SESS_0061,24.3,52.8,563.7,37.0,Moderate Lean,1,1,86.7,21.4,High Focus,Excellent Focus
2026-07-13T05:46:54.593815,SESS_0061,22.2,49.9,433.1,5.0,Good,1,1,96.6,3.6,High Focus,Excellent Focus
2026-07-13T06:11:54.593815,SESS_0061,24.1,51.0,487.5,77.1,Moderate Lean,1,1,85.2,33.6,High Focus,Excellent Focus
2026-07-13T06:36:54.593815,SESS_0061,24.7,52.8,501.3,64.2,Slight Lean,1,1,89.1,27.0,High Focus,Excellent Focus
2026-07-13T07:01:54.593815,SESS_0061,25.2,53.6,445.4,62.9,Good,1,1,92.7,22.4,High Focus,Excellent Focus
2026-07-13T07:26:54.593815,SESS_0061,26.0,51.7,539.9,92.8,Good,1,1,90.0,32.9,High Focus,Excellent Focus
2026-07-13T07:51:54.593815,SESS_0061,25.5,52.1,593.8,8.4,Moderate Lean,1,1,84.9,17.1,High Focus,Excellent Focus
2026-07-13T08:16:54.593815,SESS_0061,22.0,51.4,438.1,27.9,Poor,1,0,75.1,42.2,Moderate Focus,Good Productivity
2026-07-13T08:41:54.593815,SESS_0061,24.9,43.7,475.4,57.3,Good,1,1,95.4,17.6,High Focus,Excellent Focus
2026-07-13T09:06:54.593815,SESS_0061,26.5,47.5,452.3,34.4,Good,1,0,91.4,15.7,High Focus,Excellent Focus
2026-07-13T09:31:54.593815,SESS_0061,25.3,57.3,414.9,33.0,Good,1,1,91.4,17.5,High Focus,Excellent Focus
2026-07-13T09:56:54.593815,SESS_0061,24.8,48.2,410.3,33.7,Slight Lean,1,1,91.9,16.8,High Focus,Excellent Focus
2026-07-13T10:21:54.593815,SESS_0061,23.2,57.1,448.2,8.5,Good,1,1,95.5,6.3,High Focus,Excellent Focus
2026-07-13T10:46:54.593815,SESS_0062,26.5,47.9,403.9,77.1,Moderate Lean,1,1,80.2,40.5,High Focus,Excellent Focus
2026-07-13T11:11:54.593815,SESS_0062,24.0,49.2,487.5,30.5,Good,1,1,99.2,5.9,High Focus,Excellent Focus
2026-07-13T11:36:54.593815,SESS_0062,26.2,51.4,549.4,5.0,Good,1,1,96.1,3.5,High Focus,Excellent Focus
2026-07-13T12:01:54.593815,SESS_0062,24.3,52.4,498.0,11.4,Poor,0,1,0.0,0.0,Inactive,User Absent
2026-07-13T12:26:54.593815,SESS_0062,25.2,48.0,512.1,18.6,Moderate Lean,1,0,88.9,15.8,High Focus,Excellent Focus
2026-07-13T12:51:54.593815,SESS_0062,24.2,47.7,626.8,68.2,Good,1,1,89.9,27.8,High Focus,Excellent Focus
2026-07-13T13:16:54.593815,SESS_0062,23.8,52.9,571.7,48.1,Good,1,1,93.4,18.2,High Focus,Excellent Focus
2026-07-13T13:41:54.593815,SESS_0062,24.9,58.2,410.1,94.9,Good,1,1,91.3,31.2,High Focus,Excellent Focus
2026-07-13T14:06:54.593815,SESS_0062,24.7,56.5,464.5,63.2,Good,1,1,96.4,19.4,High Focus,Excellent Focus
2026-07-13T14:31:54.593815,SESS_0062,23.7,45.5,521.0,5.0,Poor,1,0,78.1,34.5,Moderate Focus,Good Productivity
2026-07-13T14:56:54.593815,SESS_0062,25.6,49.1,446.2,21.6,Good,1,0,91.2,12.5,High Focus,Excellent Focus
2026-07-13T15:21:54.593815,SESS_0062,23.9,48.4,398.6,17.0,Slight Lean,1,1,96.3,8.6,High Focus,Excellent Focus
2026-07-13T15:46:54.593815,SESS_0062,24.9,48.3,538.5,54.6,Good,1,1,98.0,14.8,High Focus,Excellent Focus
2026-07-13T16:11:54.593815,SESS_0062,22.6,53.5,544.5,42.6,Moderate Lean,1,1,92.2,19.2,High Focus,Excellent Focus
2026-07-13T16:36:54.593815,SESS_0062,24.0,54.9,425.3,5.0,Good,1,0,89.5,9.9,High Focus,Excellent Focus
2026-07-13T17:01:54.593815,SESS_0063,23.4,51.3,447.9,45.2,Good,1,1,97.6,14.1,High Focus,Excellent Focus
2026-07-13T17:26:54.593815,SESS_0063,26.4,53.9,541.2,17.6,Good,1,1,94.5,11.3,High Focus,Excellent Focus
2026-07-13T17:51:54.593815,SESS_0063,26.7,52.6,405.2,24.6,Good,1,1,92.5,16.7,High Focus,Excellent Focus
2026-07-13T18:16:54.593815,SESS_0063,25.3,53.7,431.0,69.4,Good,1,1,92.3,26.7,High Focus,Excellent Focus
2026-07-13T18:41:54.593815,SESS_0063,24.3,48.0,442.1,59.2,Good,1,1,93.0,24.7,High Focus,Excellent Focus
2026-07-13T19:06:54.593815,SESS_0063,22.5,50.1,447.2,5.0,Moderate Lean,1,0,80.7,20.2,High Focus,Excellent Focus
2026-07-13T19:31:54.593815,SESS_0063,24.2,52.9,491.2,115.1,Moderate Lean,1,0,74.4,50.9,Moderate Focus,Good Productivity
2026-07-13T19:56:54.593815,SESS_0063,23.1,50.7,536.6,150.0,Good,1,1,82.2,43.1,High Focus,Excellent Focus
2026-07-13T20:21:54.593815,SESS_0063,25.2,44.9,453.1,5.0,Slight Lean,1,1,92.5,10.6,High Focus,Excellent Focus
2026-07-13T20:46:54.593815,SESS_0063,24.2,47.5,431.2,7.0,Good,1,1,95.3,5.2,High Focus,Excellent Focus
2026-07-13T21:11:54.593815,SESS_0063,24.0,53.7,427.3,22.5,Slight Lean,1,1,93.6,13.5,High Focus,Excellent Focus
2026-07-13T21:36:54.593815,SESS_0063,23.2,51.9,478.8,5.0,Moderate Lean,1,0,84.2,13.7,High Focus,Excellent Focus
2026-07-13T22:01:54.593815,SESS_0063,21.7,51.1,510.7,111.7,Moderate Lean,1,0,76.4,49.2,Moderate Focus,Good Productivity
2026-07-13T22:26:54.593815,SESS_0063,25.0,55.5,489.9,14.5,Moderate Lean,1,1,85.3,17.0,High Focus,Excellent Focus
2026-07-13T22:51:54.593815,SESS_0063,22.0,50.0,477.7,5.0,Slight Lean,1,1,93.1,7.1,High Focus,Excellent Focus
2026-07-13T23:16:54.593815,SESS_0064,24.6,50.2,463.6,25.0,Moderate Lean,0,0,0.0,0.0,Inactive,User Absent
2026-07-13T23:41:54.593815,SESS_0064,26.4,49.9,455.6,16.2,Moderate Lean,1,0,87.2,18.5,High Focus,Excellent Focus
2026-07-14T00:06:54.593815,SESS_0064,23.5,50.6,552.1,5.6,Moderate Lean,1,1,88.6,13.9,High Focus,Excellent Focus
2026-07-14T00:31:54.593815,SESS_0064,28.1,43.1,510.4,8.8,Good,1,1,93.8,9.4,High Focus,Excellent Focus
2026-07-14T00:56:54.593815,SESS_0064,23.0,53.4,472.4,5.0,Slight Lean,1,1,94.8,6.5,High Focus,Excellent Focus
2026-07-14T01:21:54.593815,SESS_0064,26.4,45.7,413.5,36.6,Good,1,1,90.2,20.6,High Focus,Excellent Focus
2026-07-14T01:46:54.593815,SESS_0064,22.4,52.6,467.5,40.2,Good,1,1,92.1,18.4,High Focus,Excellent Focus
2026-07-14T02:11:54.593815,SESS_0064,22.8,49.6,506.7,28.0,Moderate Lean,0,1,0.0,0.0,Inactive,User Absent
2026-07-14T02:36:54.593815,SESS_0064,24.6,51.7,443.8,16.6,Good,1,1,96.4,9.4,High Focus,Excellent Focus
2026-07-14T03:01:54.593815,SESS_0064,23.8,49.2,441.8,58.3,Slight Lean,1,1,93.3,20.3,High Focus,Excellent Focus
2026-07-14T03:26:54.593815,SESS_0064,23.0,53.4,477.3,107.4,Good,1,1,87.5,35.7,High Focus,Excellent Focus
2026-07-14T03:51:54.593815,SESS_0064,24.5,46.8,526.3,106.4,Good,1,1,89.5,35.2,High Focus,Excellent Focus
2026-07-14T04:16:54.593815,SESS_0064,21.1,45.9,458.9,8.9,Slight Lean,1,1,91.6,10.1,High Focus,Excellent Focus
2026-07-14T04:41:54.593815,SESS_0064,25.5,48.9,477.1,21.5,Good,1,1,99.4,4.9,High Focus,Excellent Focus
2026-07-14T05:06:54.593815,SESS_0064,23.2,49.5,423.7,96.7,Moderate Lean,1,1,77.8,49.0,Moderate Focus,Good Productivity
2026-07-14T05:31:54.593815,SESS_0065,24.9,46.1,457.9,20.6,Good,1,1,96.9,10.3,High Focus,Excellent Focus
2026-07-14T05:56:54.593815,SESS_0065,25.9,46.1,534.3,5.0,Moderate Lean,1,0,82.1,18.8,High Focus,Excellent Focus
2026-07-14T06:21:54.593815,SESS_0065,24.4,53.3,534.5,27.6,Poor,1,1,79.5,40.8,Moderate Focus,Good Productivity
2026-07-14T06:46:54.593815,SESS_0065,23.7,52.4,521.3,5.0,Poor,1,0,80.5,33.3,High Focus,Excellent Focus
2026-07-14T07:11:54.593815,SESS_0065,24.0,49.2,471.5,23.7,Slight Lean,1,1,97.3,9.6,High Focus,Excellent Focus
2026-07-14T07:36:54.593815,SESS_0065,21.5,55.1,531.8,124.9,Moderate Lean,1,1,71.5,54.6,Moderate Focus,Good Productivity
2026-07-14T08:01:54.593815,SESS_0065,24.7,52.5,444.4,73.9,Good,1,1,92.3,28.3,High Focus,Excellent Focus
2026-07-14T08:26:54.593815,SESS_0065,22.8,46.1,473.2,36.8,Good,1,1,95.9,12.3,High Focus,Excellent Focus
2026-07-14T08:51:54.593815,SESS_0065,21.4,56.6,515.2,59.0,Good,1,1,94.5,21.4,High Focus,Excellent Focus
2026-07-14T09:16:54.593815,SESS_0065,24.6,52.0,494.5,14.5,Slight Lean,1,0,89.2,10.6,High Focus,Excellent Focus
2026-07-14T09:41:54.593815,SESS_0065,24.2,50.5,486.8,44.0,Slight Lean,1,1,96.0,14.6,High Focus,Excellent Focus
2026-07-14T10:06:54.593815,SESS_0065,25.4,49.5,485.5,8.3,Slight Lean,1,1,95.1,7.9,High Focus,Excellent Focus
2026-07-14T10:31:54.593815,SESS_0065,22.8,45.7,442.7,11.5,Moderate Lean,1,1,85.5,16.4,High Focus,Excellent Focus
2026-07-14T10:56:54.593815,SESS_0065,25.7,51.1,410.5,80.3,Good,1,1,90.5,29.4,High Focus,Excellent Focus
2026-07-14T11:21:54.593815,SESS_0065,26.3,48.4,545.8,128.3,Good,1,0,82.4,43.3,High Focus,Excellent Focus
2026-07-14T11:46:54.593815,SESS_0066,26.3,49.0,479.6,150.0,Moderate Lean,1,0,69.2,55.3,Moderate Focus,Good Productivity
2026-07-14T12:11:54.593815,SESS_0066,22.8,54.3,564.5,23.6,Slight Lean,1,1,95.4,9.7,High Focus,Excellent Focus
2026-07-14T12:36:54.593815,SESS_0066,25.5,56.9,364.3,43.6,Good,0,1,0.0,0.0,Inactive,User Absent
2026-07-14T13:01:54.593815,SESS_0066,23.8,55.6,431.4,107.9,Moderate Lean,1,1,80.0,47.2,High Focus,Excellent Focus
2026-07-14T13:26:54.593815,SESS_0066,23.5,54.7,478.2,30.0,Moderate Lean,1,1,88.0,20.7,High Focus,Excellent Focus
2026-07-14T13:51:54.593815,SESS_0066,23.0,50.9,448.8,91.9,Poor,1,0,72.0,66.0,Moderate Focus,Good Productivity
2026-07-14T14:16:54.593815,SESS_0066,24.8,49.4,496.9,36.7,Good,1,1,98.0,10.4,High Focus,Excellent Focus
2026-07-14T14:41:54.593815,SESS_0066,24.0,49.7,431.0,39.0,Poor,1,1,76.3,45.5,Moderate Focus,Good Productivity
2026-07-14T15:06:54.593815,SESS_0066,23.4,52.0,416.3,40.6,Slight Lean,1,1,95.5,15.2,High Focus,Excellent Focus
2026-07-14T15:31:54.593815,SESS_0066,26.1,48.5,447.8,41.8,Slight Lean,1,1,87.2,21.0,High Focus,Excellent Focus
2026-07-14T15:56:54.593815,SESS_0066,25.8,51.8,505.1,5.4,Good,1,1,99.4,0.0,High Focus,Excellent Focus
2026-07-14T16:21:54.593815,SESS_0066,25.1,50.0,485.7,12.1,Good,1,0,95.2,8.6,High Focus,Excellent Focus
2026-07-14T16:46:54.593815,SESS_0066,24.0,56.7,449.1,100.2,Slight Lean,1,1,83.4,41.0,High Focus,Excellent Focus
2026-07-14T17:11:54.593815,SESS_0066,25.8,51.1,513.0,95.2,Good,1,1,94.3,29.6,High Focus,Excellent Focus
2026-07-14T17:36:54.593815,SESS_0066,23.0,50.2,528.5,26.3,Good,1,1,96.3,9.8,High Focus,Excellent Focus
2026-07-14T18:01:54.593815,SESS_0067,25.0,50.5,464.0,44.5,Poor,1,1,77.4,45.6,Moderate Focus,Good Productivity
2026-07-14T18:26:54.593815,SESS_0067,22.7,53.1,499.9,39.4,Poor,1,1,79.0,43.4,Moderate Focus,Good Productivity
2026-07-14T18:51:54.593815,SESS_0067,23.5,54.0,487.6,56.1,Good,1,1,96.2,17.4,High Focus,Excellent Focus
2026-07-14T19:16:54.593815,SESS_0067,22.5,55.7,509.1,5.0,Moderate Lean,1,1,89.1,11.3,High Focus,Excellent Focus
2026-07-14T19:41:54.593815,SESS_0067,20.5,55.8,518.0,52.4,Slight Lean,1,1,86.9,28.9,High Focus,Excellent Focus
2026-07-14T20:06:54.593815,SESS_0067,22.8,54.8,530.6,5.0,Good,1,0,92.3,10.6,High Focus,Excellent Focus
2026-07-14T20:31:54.593815,SESS_0067,23.3,48.2,530.5,19.0,Good,1,0,93.2,11.0,High Focus,Excellent Focus
2026-07-14T20:56:54.593815,SESS_0067,24.8,51.9,479.4,58.9,Good,1,1,95.8,16.7,High Focus,Excellent Focus
2026-07-14T21:21:54.593815,SESS_0067,23.8,46.0,514.7,10.4,Moderate Lean,1,1,89.9,12.9,High Focus,Excellent Focus
2026-07-14T21:46:54.593815,SESS_0067,25.5,51.1,360.6,37.2,Good,1,1,93.0,20.5,High Focus,Excellent Focus
2026-07-14T22:11:54.593815,SESS_0067,22.7,51.1,489.0,5.6,Moderate Lean,1,1,90.8,10.4,High Focus,Excellent Focus
2026-07-14T22:36:54.593815,SESS_0067,25.2,51.2,424.0,5.0,Good,1,1,94.9,4.1,High Focus,Excellent Focus
2026-07-14T23:01:54.593815,SESS_0067,26.3,49.3,416.6,12.4,Good,1,1,94.8,6.5,High Focus,Excellent Focus
2026-07-14T23:26:54.593815,SESS_0067,24.5,55.1,580.1,50.2,Good,1,1,94.5,16.9,High Focus,Excellent Focus
2026-07-14T23:51:54.593815,SESS_0067,24.4,53.1,478.7,5.0,Slight Lean,1,1,93.8,4.4,High Focus,Excellent Focus
2026-07-15T00:16:54.593815,SESS_0068,25.3,59.2,452.4,81.2,Good,1,1,89.7,33.4,High Focus,Excellent Focus
2026-07-15T00:41:54.593815,SESS_0068,24.6,47.4,522.8,7.1,Good,0,1,0.0,0.0,Inactive,User Absent
2026-07-15T01:06:54.593815,SESS_0068,25.1,52.3,496.0,98.3,Good,1,1,91.8,32.4,High Focus,Excellent Focus
2026-07-15T01:31:54.593815,SESS_0068,25.3,44.3,458.3,11.8,Good,1,1,99.7,4.1,High Focus,Excellent Focus
2026-07-15T01:56:54.593815,SESS_0068,23.1,49.9,359.7,17.5,Slight Lean,1,1,91.2,13.1,High Focus,Excellent Focus
2026-07-15T02:21:54.593815,SESS_0068,24.3,51.2,531.1,14.4,Good,1,1,97.0,6.9,High Focus,Excellent Focus
2026-07-15T02:46:54.593815,SESS_0068,24.0,55.5,577.5,5.0,Good,1,1,96.3,3.5,High Focus,Excellent Focus
2026-07-15T03:11:54.593815,SESS_0068,24.5,45.9,391.5,118.6,Good,1,1,86.9,38.8,High Focus,Excellent Focus
2026-07-15T03:36:54.593815,SESS_0068,25.6,46.6,478.7,150.0,Good,1,1,83.5,39.7,High Focus,Excellent Focus
2026-07-15T04:01:54.593815,SESS_0068,26.4,46.3,470.2,12.8,Good,0,1,0.0,0.0,Inactive,User Absent
2026-07-15T04:26:54.593815,SESS_0068,23.0,54.4,446.2,5.0,Good,1,1,95.7,6.3,High Focus,Excellent Focus
2026-07-15T04:51:54.593815,SESS_0068,23.1,46.1,485.4,23.4,Good,1,1,96.0,7.5,High Focus,Excellent Focus
2026-07-15T05:16:54.593815,SESS_0068,28.5,49.6,489.2,8.6,Slight Lean,1,1,93.5,7.4,High Focus,Excellent Focus
2026-07-15T05:41:54.593815,SESS_0068,24.9,46.4,502.6,114.0,Good,1,1,88.3,33.4,High Focus,Excellent Focus
2026-07-15T06:06:54.593815,SESS_0068,24.9,54.0,416.3,30.5,Good,1,1,95.5,13.0,High Focus,Excellent Focus
2026-07-15T06:31:54.593815,SESS_0069,24.4,57.8,392.6,24.3,Good,1,0,91.8,17.1,High Focus,Excellent Focus
2026-07-15T06:56:54.593815,SESS_0069,24.1,50.4,502.2,5.0,Slight Lean,1,0,97.6,3.3,High Focus,Excellent Focus
2026-07-15T07:21:54.593815,SESS_0069,25.2,48.7,494.8,48.8,Good,1,1,96.7,18.4,High Focus,Excellent Focus
2026-07-15T07:46:54.593815,SESS_0069,21.5,50.8,539.6,18.7,Slight Lean,1,1,97.5,6.8,High Focus,Excellent Focus
2026-07-15T08:11:54.593815,SESS_0069,26.0,56.0,490.9,5.2,Moderate Lean,1,1,86.2,15.2,High Focus,Excellent Focus
2026-07-15T08:36:54.593815,SESS_0069,23.4,56.5,394.7,5.0,Moderate Lean,1,1,83.4,17.5,High Focus,Excellent Focus
2026-07-15T09:01:54.593815,SESS_0069,24.5,51.9,424.3,5.0,Good,1,1,98.8,5.2,High Focus,Excellent Focus
2026-07-15T09:26:54.593815,SESS_0069,23.2,44.8,494.6,5.0,Slight Lean,1,1,91.4,11.1,High Focus,Excellent Focus
2026-07-15T09:51:54.593815,SESS_0069,24.8,49.5,384.8,18.1,Moderate Lean,1,1,89.7,15.8,High Focus,Excellent Focus
2026-07-15T10:16:54.593815,SESS_0069,23.0,45.9,573.3,23.7,Good,1,1,96.7,8.4,High Focus,Excellent Focus
2026-07-15T10:41:54.593815,SESS_0069,28.6,47.5,433.9,5.0,Poor,1,1,76.4,35.5,Moderate Focus,Good Productivity
2026-07-15T11:06:54.593815,SESS_0069,25.4,47.8,558.6,21.5,Good,1,1,91.7,12.9,High Focus,Excellent Focus
2026-07-15T11:31:54.593815,SESS_0069,24.1,48.8,542.2,13.5,Good,1,1,99.5,1.8,High Focus,Excellent Focus
2026-07-15T11:56:54.593815,SESS_0069,24.2,50.4,490.9,10.3,Moderate Lean,1,1,88.0,14.0,High Focus,Excellent Focus
2026-07-15T12:21:54.593815,SESS_0069,23.6,51.7,498.0,16.6,Moderate Lean,1,1,87.1,17.8,High Focus,Excellent Focus
2026-07-15T12:46:54.593815,SESS_0070,27.0,53.7,416.6,5.0,Good,1,1,89.5,13.8,High Focus,Excellent Focus
2026-07-15T13:11:54.593815,SESS_0070,25.4,45.7,406.1,10.2,Good,1,1,98.5,3.8,High Focus,Excellent Focus
2026-07-15T13:36:54.593815,SESS_0070,22.1,53.5,468.6,18.4,Slight Lean,1,1,89.6,12.7,High Focus,Excellent Focus
2026-07-15T14:01:54.593815,SESS_0070,25.1,54.5,401.4,68.1,Good,1,1,94.5,18.8,High Focus,Excellent Focus
2026-07-15T14:26:54.593815,SESS_0070,24.9,58.3,478.2,5.0,Slight Lean,1,1,93.2,9.6,High Focus,Excellent Focus
2026-07-15T14:51:54.593815,SESS_0070,23.2,49.6,471.2,20.7,Slight Lean,1,1,87.7,16.3,High Focus,Excellent Focus
2026-07-15T15:16:54.593815,SESS_0070,27.0,51.4,503.5,65.9,Good,1,1,93.3,21.8,High Focus,Excellent Focus
2026-07-15T15:41:54.593815,SESS_0070,25.6,44.4,512.3,31.3,Good,1,1,94.6,13.5,High Focus,Excellent Focus
2026-07-15T16:06:54.593815,SESS_0070,23.0,50.6,510.4,15.8,Good,1,0,95.0,9.2,High Focus,Excellent Focus
2026-07-15T16:31:54.593815,SESS_0070,26.2,52.4,431.7,61.9,Slight Lean,1,0,85.0,30.2,High Focus,Excellent Focus
2026-07-15T16:56:54.593815,SESS_0070,23.7,61.1,493.9,52.2,Moderate Lean,1,1,89.4,21.3,High Focus,Excellent Focus
2026-07-15T17:21:54.593815,SESS_0070,26.2,58.8,414.0,5.0,Slight Lean,1,1,92.6,8.2,High Focus,Excellent Focus
2026-07-15T17:46:54.593815,SESS_0070,23.9,55.3,480.0,48.3,Good,1,1,95.3,18.5,High Focus,Excellent Focus
2026-07-15T18:11:54.593815,SESS_0070,22.2,45.8,486.8,7.3,Good,1,1,96.1,6.8,High Focus,Excellent Focus
2026-07-15T18:36:54.593815,SESS_0070,23.8,51.9,485.9,21.0,Good,1,0,93.1,15.2,High Focus,Excellent Focus
2026-07-15T19:01:54.593815,SESS_0071,23.4,58.4,481.7,30.1,Poor,1,1,77.4,43.0,Moderate Focus,Good Productivity
2026-07-15T19:26:54.593815,SESS_0071,25.6,48.3,496.3,51.0,Good,1,1,98.6,14.2,High Focus,Excellent Focus
2026-07-15T19:51:54.593815,SESS_0071,25.5,43.5,502.3,5.0,Good,1,1,95.7,6.0,High Focus,Excellent Focus
2026-07-15T20:16:54.593815,SESS_0071,22.8,52.6,491.7,48.9,Slight Lean,1,1,91.0,23.7,High Focus,Excellent Focus
2026-07-15T20:41:54.593815,SESS_0071,27.3,52.4,559.5,29.5,Moderate Lean,1,1,85.0,23.1,High Focus,Excellent Focus
2026-07-15T21:06:54.593815,SESS_0071,25.6,54.3,418.8,7.8,Good,1,0,93.6,8.6,High Focus,Excellent Focus
2026-07-15T21:31:54.593815,SESS_0071,26.1,46.7,503.4,16.4,Moderate Lean,1,0,82.5,20.6,High Focus,Excellent Focus
2026-07-15T21:56:54.593815,SESS_0071,23.1,46.0,451.0,23.8,Good,1,1,98.1,6.6,High Focus,Excellent Focus
2026-07-15T22:21:54.593815,SESS_0071,24.4,52.6,490.0,6.8,Good,1,1,100.0,1.9,High Focus,Excellent Focus
2026-07-15T22:46:54.593815,SESS_0071,27.2,53.8,495.3,23.2,Slight Lean,1,1,93.3,13.1,High Focus,Excellent Focus
2026-07-15T23:11:54.593815,SESS_0071,28.0,50.0,464.1,15.8,Good,1,0,91.9,11.2,High Focus,Excellent Focus
2026-07-15T23:36:54.593815,SESS_0071,24.7,50.8,459.3,16.2,Good,1,1,94.0,9.4,High Focus,Excellent Focus
2026-07-16T00:01:54.593815,SESS_0071,25.2,47.9,408.7,15.4,Good,1,1,95.7,7.1,High Focus,Excellent Focus
2026-07-16T00:26:54.593815,SESS_0071,24.7,53.1,516.4,56.0,Good,1,1,98.1,17.7,High Focus,Excellent Focus
2026-07-16T00:51:54.593815,SESS_0071,27.6,49.8,485.5,60.2,Slight Lean,1,1,89.9,21.8,High Focus,Excellent Focus
2026-07-16T01:16:54.593815,SESS_0072,24.5,54.0,412.8,47.2,Good,1,1,94.9,18.2,High Focus,Excellent Focus
2026-07-16T01:41:54.593815,SESS_0072,25.0,56.3,483.7,29.2,Poor,1,1,82.9,38.7,High Focus,Excellent Focus
2026-07-16T02:06:54.593815,SESS_0072,25.2,59.1,510.2,26.3,Slight Lean,1,1,93.8,12.4,High Focus,Excellent Focus
2026-07-16T02:31:54.593815,SESS_0072,23.3,54.8,523.4,5.0,Good,1,1,95.5,5.2,High Focus,Excellent Focus
2026-07-16T02:56:54.593815,SESS_0072,25.2,53.3,487.1,45.3,Good,1,1,100.0,10.2,High Focus,Excellent Focus
2026-07-16T03:21:54.593815,SESS_0072,22.7,47.9,413.2,5.0,Slight Lean,0,1,0.0,0.0,Inactive,User Absent
2026-07-16T03:46:54.593815,SESS_0072,26.4,51.2,456.2,57.4,Moderate Lean,1,1,88.2,26.4,High Focus,Excellent Focus
2026-07-16T04:11:54.593815,SESS_0072,24.4,49.8,464.5,5.0,Slight Lean,1,1,91.1,9.9,High Focus,Excellent Focus
2026-07-16T04:36:54.593815,SESS_0072,25.6,51.1,495.1,106.8,Good,1,1,89.3,34.4,High Focus,Excellent Focus
2026-07-16T05:01:54.593815,SESS_0072,24.6,53.6,422.8,5.0,Slight Lean,1,1,93.1,9.2,High Focus,Excellent Focus
2026-07-16T05:26:54.593815,SESS_0072,24.8,53.2,424.9,5.0,Good,1,1,93.8,8.0,High Focus,Excellent Focus
2026-07-16T05:51:54.593815,SESS_0072,23.2,54.7,596.9,7.5,Moderate Lean,1,1,84.4,16.2,High Focus,Excellent Focus
2026-07-16T06:16:54.593815,SESS_0072,26.0,47.7,502.7,46.6,Slight Lean,1,0,89.8,20.3,High Focus,Excellent Focus
2026-07-16T06:41:54.593815,SESS_0072,25.7,48.1,507.6,89.0,Good,1,1,91.0,31.9,High Focus,Excellent Focus
2026-07-16T07:06:54.593815,SESS_0072,22.8,50.3,441.4,50.0,Moderate Lean,1,1,88.9,25.8,High Focus,Excellent Focus
2026-07-16T07:31:54.593815,SESS_0073,23.4,45.9,495.1,28.0,Moderate Lean,1,0,84.0,21.5,High Focus,Excellent Focus
2026-07-16T07:56:54.593815,SESS_0073,25.7,46.9,418.0,5.0,Slight Lean,1,1,94.3,6.1,High Focus,Excellent Focus
2026-07-16T08:21:54.593815,SESS_0073,24.6,54.3,455.8,84.5,Moderate Lean,1,1,83.1,34.8,High Focus,Excellent Focus
2026-07-16T08:46:54.593815,SESS_0073,24.3,55.6,590.5,9.9,Slight Lean,1,1,96.1,5.0,High Focus,Excellent Focus
2026-07-16T09:11:54.593815,SESS_0073,23.4,48.0,516.2,11.9,Poor,1,1,81.7,31.1,High Focus,Excellent Focus
2026-07-16T09:36:54.593815,SESS_0073,24.0,45.1,485.4,112.9,Good,0,1,0.0,0.0,Inactive,User Absent
2026-07-16T10:01:54.593815,SESS_0073,24.7,54.1,417.4,21.2,Slight Lean,1,1,89.6,15.2,High Focus,Excellent Focus
2026-07-16T10:26:54.593815,SESS_0073,26.9,53.5,383.9,5.0,Good,1,1,92.9,6.4,High Focus,Excellent Focus
2026-07-16T10:51:54.593815,SESS_0073,25.0,50.1,472.1,37.2,Moderate Lean,1,1,86.3,21.6,High Focus,Excellent Focus
2026-07-16T11:16:54.593815,SESS_0073,26.6,51.7,532.7,23.2,Moderate Lean,1,1,87.2,17.5,High Focus,Excellent Focus
2026-07-16T11:41:54.593815,SESS_0073,25.1,55.1,478.8,5.0,Good,1,0,96.1,6.6,High Focus,Excellent Focus
2026-07-16T12:06:54.593815,SESS_0073,25.4,50.9,385.4,21.9,Good,1,1,92.1,12.7,High Focus,Excellent Focus
2026-07-16T12:31:54.593815,SESS_0073,24.1,49.7,452.4,17.7,Good,1,1,94.8,9.8,High Focus,Excellent Focus
2026-07-16T12:56:54.593815,SESS_0073,25.9,58.2,509.1,19.6,Good,1,1,95.5,9.6,High Focus,Excellent Focus
2026-07-16T13:21:54.593815,SESS_0073,24.4,48.7,529.2,5.0,Good,1,1,97.8,2.7,High Focus,Excellent Focus
2026-07-16T13:46:54.593815,SESS_0074,25.3,45.4,433.6,20.4,Good,1,1,95.8,7.5,High Focus,Excellent Focus
2026-07-16T14:11:54.593815,SESS_0074,24.1,55.8,540.0,49.0,Good,1,1,96.0,13.7,High Focus,Excellent Focus
2026-07-16T14:36:54.593815,SESS_0074,24.4,51.7,528.2,10.0,Poor,1,1,83.0,30.6,High Focus,Excellent Focus
2026-07-16T15:01:54.593815,SESS_0074,24.9,49.7,470.8,85.0,Good,1,1,87.4,35.4,High Focus,Excellent Focus
2026-07-16T15:26:54.593815,SESS_0074,21.2,53.8,424.1,5.2,Good,1,1,93.5,6.4,High Focus,Excellent Focus
2026-07-16T15:51:54.593815,SESS_0074,26.4,54.3,449.8,69.0,Good,1,1,93.4,24.6,High Focus,Excellent Focus
2026-07-16T16:16:54.593815,SESS_0074,26.5,46.7,438.0,5.2,Slight Lean,1,1,97.2,4.6,High Focus,Excellent Focus
2026-07-16T16:41:54.593815,SESS_0074,24.0,43.3,549.5,92.6,Good,1,1,87.5,35.1,High Focus,Excellent Focus
2026-07-16T17:06:54.593815,SESS_0074,23.0,52.2,430.6,52.2,Good,1,1,94.3,19.2,High Focus,Excellent Focus
2026-07-16T17:31:54.593815,SESS_0074,23.7,51.5,483.7,44.3,Slight Lean,0,1,0.0,0.0,Inactive,User Absent
2026-07-16T17:56:54.593815,SESS_0074,25.9,50.0,493.2,5.0,Slight Lean,1,1,93.3,9.1,High Focus,Excellent Focus
2026-07-16T18:21:54.593815,SESS_0074,24.4,47.2,459.8,12.9,Good,1,0,93.9,9.2,High Focus,Excellent Focus
2026-07-16T18:46:54.593815,SESS_0074,23.9,47.4,501.1,94.5,Slight Lean,1,1,85.8,37.9,High Focus,Excellent Focus
2026-07-16T19:11:54.593815,SESS_0074,24.7,51.7,526.0,8.9,Poor,1,0,79.9,35.3,Moderate Focus,Good Productivity
2026-07-16T19:36:54.593815,SESS_0074,23.1,49.9,407.2,60.9,Good,1,0,89.4,28.0,High Focus,Excellent Focus
2026-07-16T20:01:54.593815,SESS_0075,25.2,52.5,420.5,12.8,Good,1,1,97.1,5.0,High Focus,Excellent Focus
2026-07-16T20:26:54.593815,SESS_0075,24.0,48.0,446.0,24.3,Slight Lean,1,1,95.3,12.5,High Focus,Excellent Focus
2026-07-16T20:51:54.593815,SESS_0075,21.8,54.4,439.5,47.3,Slight Lean,1,0,89.4,25.5,High Focus,Excellent Focus
2026-07-16T21:16:54.593815,SESS_0075,23.4,53.4,425.6,59.2,Good,1,1,98.4,15.6,High Focus,Excellent Focus
2026-07-16T21:41:54.593815,SESS_0075,25.8,50.6,541.7,64.6,Moderate Lean,1,1,85.3,28.7,High Focus,Excellent Focus
2026-07-16T22:06:54.593815,SESS_0075,23.8,55.2,462.8,10.3,Slight Lean,1,1,96.0,6.7,High Focus,Excellent Focus
2026-07-16T22:31:54.593815,SESS_0075,26.3,46.2,457.8,63.3,Moderate Lean,1,1,84.2,31.2,High Focus,Excellent Focus
2026-07-16T22:56:54.593815,SESS_0075,23.8,49.6,526.5,144.5,Moderate Lean,1,1,74.2,50.6,Moderate Focus,Good Productivity
2026-07-16T23:21:54.593815,SESS_0075,24.3,50.4,481.6,64.7,Poor,1,1,79.3,46.4,Moderate Focus,Good Productivity
2026-07-16T23:46:54.593815,SESS_0075,23.1,50.6,400.8,32.1,Good,1,0,88.9,20.2,High Focus,Excellent Focus
2026-07-17T00:11:54.593815,SESS_0075,21.6,50.2,587.3,22.9,Slight Lean,1,1,88.0,20.1,High Focus,Excellent Focus
2026-07-17T00:36:54.593815,SESS_0075,23.7,54.2,505.3,11.5,Good,1,0,96.7,8.9,High Focus,Excellent Focus
2026-07-17T01:01:54.593815,SESS_0075,24.2,42.9,439.0,9.6,Moderate Lean,1,1,86.5,16.4,High Focus,Excellent Focus
2026-07-17T01:26:54.593815,SESS_0075,23.6,52.4,487.1,52.3,Good,1,1,96.0,18.7,High Focus,Excellent Focus
2026-07-17T01:51:54.593815,SESS_0075,25.0,51.2,525.3,5.0,Slight Lean,0,1,0.0,0.0,Inactive,User Absent
2026-07-17T02:16:54.593815,SESS_0076,24.6,50.1,413.1,35.2,Good,1,1,95.3,13.3,High Focus,Excellent Focus
2026-07-17T02:41:54.593815,SESS_0076,25.1,55.4,478.8,54.2,Good,1,1,92.9,20.6,High Focus,Excellent Focus
2026-07-17T03:06:54.593815,SESS_0076,26.7,47.6,566.4,13.2,Slight Lean,1,1,90.0,14.5,High Focus,Excellent Focus
2026-07-17T03:31:54.593815,SESS_0076,24.7,46.5,524.0,5.0,Slight Lean,1,1,91.2,8.1,High Focus,Excellent Focus
2026-07-17T03:56:54.593815,SESS_0076,25.8,53.6,444.7,37.5,Good,1,0,92.3,17.5,High Focus,Excellent Focus
2026-07-17T04:21:54.593815,SESS_0076,23.9,51.6,502.0,31.0,Slight Lean,1,0,90.9,15.9,High Focus,Excellent Focus
2026-07-17T04:46:54.593815,SESS_0076,24.0,54.4,547.9,18.7,Good,1,1,97.5,6.8,High Focus,Excellent Focus
2026-07-17T05:11:54.593815,SESS_0076,22.9,48.1,545.1,5.0,Good,1,1,96.3,5.8,High Focus,Excellent Focus
2026-07-17T05:36:54.593815,SESS_0076,23.3,46.0,396.6,61.2,Slight Lean,1,0,84.8,26.6,High Focus,Excellent Focus
2026-07-17T06:01:54.593815,SESS_0076,22.4,46.3,486.8,22.9,Good,1,1,95.6,10.9,High Focus,Excellent Focus
2026-07-17T06:26:54.593815,SESS_0076,23.8,50.8,550.7,14.2,Good,0,1,0.0,0.0,Inactive,User Absent
2026-07-17T06:51:54.593815,SESS_0076,22.6,54.2,519.2,5.0,Moderate Lean,1,1,85.7,14.9,High Focus,Excellent Focus
2026-07-17T07:16:54.593815,SESS_0076,23.7,51.1,516.8,18.2,Good,1,1,96.8,9.2,High Focus,Excellent Focus
2026-07-17T07:41:54.593815,SESS_0076,23.0,48.8,404.7,45.2,Slight Lean,1,1,89.7,22.5,High Focus,Excellent Focus
2026-07-17T08:06:54.593815,SESS_0076,22.1,53.3,473.0,18.9,Good,1,1,93.3,12.6,High Focus,Excellent Focus
2026-07-17T08:31:54.593815,SESS_0077,23.3,49.3,506.5,5.0,Good,1,1,96.0,2.1,High Focus,Excellent Focus
2026-07-17T08:56:54.593815,SESS_0077,25.9,61.0,494.9,15.0,Good,1,1,98.2,4.2,High Focus,Excellent Focus
2026-07-17T09:21:54.593815,SESS_0077,24.2,52.0,514.7,17.8,Good,1,0,90.2,14.6,High Focus,Excellent Focus
2026-07-17T09:46:54.593815,SESS_0077,23.1,46.0,486.1,24.0,Slight Lean,0,1,0.0,0.0,Inactive,User Absent
2026-07-17T10:11:54.593815,SESS_0077,25.1,55.6,485.4,48.5,Slight Lean,1,1,91.6,21.3,High Focus,Excellent Focus
2026-07-17T10:36:54.593815,SESS_0077,26.2,52.7,441.0,45.2,Good,1,1,95.4,15.4,High Focus,Excellent Focus
2026-07-17T11:01:54.593815,SESS_0077,26.2,46.8,501.9,97.8,Good,1,1,87.4,35.1,High Focus,Excellent Focus
2026-07-17T11:26:54.593815,SESS_0077,27.0,49.5,510.2,150.0,Good,1,1,85.7,40.0,High Focus,Excellent Focus
2026-07-17T11:51:54.593815,SESS_0077,22.8,56.0,557.6,16.8,Good,1,1,97.0,8.1,High Focus,Excellent Focus
2026-07-17T12:16:54.593815,SESS_0077,28.1,51.2,565.0,22.0,Slight Lean,1,0,86.9,18.5,High Focus,Excellent Focus
2026-07-17T12:41:54.593815,SESS_0077,24.0,53.8,536.0,23.3,Slight Lean,1,1,94.1,12.5,High Focus,Excellent Focus
2026-07-17T13:06:54.593815,SESS_0077,24.5,49.4,490.1,8.4,Good,1,1,99.3,3.5,High Focus,Excellent Focus
2026-07-17T13:31:54.593815,SESS_0077,26.7,55.4,445.7,49.3,Moderate Lean,1,1,87.5,24.0,High Focus,Excellent Focus
2026-07-17T13:56:54.593815,SESS_0077,23.8,47.8,390.1,28.4,Good,1,0,88.2,18.6,High Focus,Excellent Focus
2026-07-17T14:21:54.593815,SESS_0077,24.6,49.7,401.0,80.7,Slight Lean,1,1,86.6,34.5,High Focus,Excellent Focus
2026-07-17T14:46:54.593815,SESS_0078,25.1,47.1,479.3,47.7,Good,1,0,92.9,16.9,High Focus,Excellent Focus
2026-07-17T15:11:54.593815,SESS_0078,24.3,54.9,514.3,65.0,Good,0,1,0.0,0.0,Inactive,User Absent
2026-07-17T15:36:54.593815,SESS_0078,26.5,56.0,463.1,24.8,Good,1,1,95.5,11.8,High Focus,Excellent Focus
2026-07-17T16:01:54.593815,SESS_0078,26.6,50.3,490.9,7.9,Slight Lean,1,1,96.0,6.7,High Focus,Excellent Focus
2026-07-17T16:26:54.593815,SESS_0078,24.5,53.6,509.6,5.0,Poor,1,1,85.9,26.6,High Focus,Excellent Focus
2026-07-17T16:51:54.593815,SESS_0078,24.7,55.0,449.6,13.2,Good,1,0,91.1,11.2,High Focus,Excellent Focus
2026-07-17T17:16:54.593815,SESS_0078,24.6,52.3,459.6,5.7,Slight Lean,1,1,93.4,5.7,High Focus,Excellent Focus
2026-07-17T17:41:54.593815,SESS_0078,26.7,51.4,551.6,38.5,Slight Lean,1,1,91.7,14.9,High Focus,Excellent Focus
2026-07-17T18:06:54.593815,SESS_0078,22.8,52.8,557.5,19.6,Slight Lean,1,0,87.9,16.1,High Focus,Excellent Focus
2026-07-17T18:31:54.593815,SESS_0078,22.0,57.1,415.5,43.5,Slight Lean,1,1,90.8,19.4,High Focus,Excellent Focus
2026-07-17T18:56:54.593815,SESS_0078,25.4,52.6,479.6,16.2,Moderate Lean,1,0,83.4,20.9,High Focus,Excellent Focus
2026-07-17T19:21:54.593815,SESS_0078,23.4,51.7,514.1,35.6,Good,1,1,99.0,11.6,High Focus,Excellent Focus
2026-07-17T19:46:54.593815,SESS_0078,24.3,51.0,510.0,107.3,Good,1,1,92.3,36.2,High Focus,Excellent Focus
2026-07-17T20:11:54.593815,SESS_0078,22.5,50.2,361.1,23.8,Good,1,1,94.1,10.2,High Focus,Excellent Focus
2026-07-17T20:36:54.593815,SESS_0078,24.3,56.3,500.5,6.5,Moderate Lean,1,1,85.8,16.5,High Focus,Excellent Focus
2026-07-17T21:01:54.593815,SESS_0079,23.9,48.3,442.0,8.9,Good,1,1,95.7,5.5,High Focus,Excellent Focus
2026-07-17T21:26:54.593815,SESS_0079,24.7,49.9,400.2,5.0,Slight Lean,1,1,90.5,13.4,High Focus,Excellent Focus
2026-07-17T21:51:54.593815,SESS_0079,23.3,48.7,431.1,7.9,Slight Lean,0,0,0.0,0.0,Inactive,User Absent
2026-07-17T22:16:54.593815,SESS_0079,27.0,53.2,570.5,78.3,Slight Lean,1,1,87.7,31.4,High Focus,Excellent Focus
2026-07-17T22:41:54.593815,SESS_0079,23.5,52.2,452.7,116.0,Good,1,1,91.1,34.5,High Focus,Excellent Focus
2026-07-17T23:06:54.593815,SESS_0079,23.2,52.6,474.0,16.0,Poor,1,0,78.7,36.4,Moderate Focus,Good Productivity
2026-07-17T23:31:54.593815,SESS_0079,25.7,41.5,444.0,23.5,Good,1,1,93.5,12.5,High Focus,Excellent Focus
2026-07-17T23:56:54.593815,SESS_0079,24.4,49.3,492.3,42.0,Slight Lean,1,1,95.6,15.1,High Focus,Excellent Focus
2026-07-18T00:21:54.593815,SESS_0079,25.8,53.7,481.5,10.5,Slight Lean,1,1,91.6,11.7,High Focus,Excellent Focus
2026-07-18T00:46:54.593815,SESS_0079,23.8,50.7,424.4,111.6,Good,1,1,87.7,37.5,High Focus,Excellent Focus
2026-07-18T01:11:54.593815,SESS_0079,23.8,47.8,392.2,13.2,Poor,1,1,77.6,38.9,Moderate Focus,Good Productivity
2026-07-18T01:36:54.593815,SESS_0079,24.8,47.9,450.6,42.2,Slight Lean,0,1,0.0,0.0,Inactive,User Absent
2026-07-18T02:01:54.593815,SESS_0079,25.9,54.9,423.5,124.9,Good,1,1,83.4,41.5,High Focus,Excellent Focus
2026-07-18T02:26:54.593815,SESS_0079,25.6,50.4,539.3,22.1,Good,1,1,96.2,7.6,High Focus,Excellent Focus
2026-07-18T02:51:54.593815,SESS_0079,23.9,51.1,553.1,45.6,Poor,1,1,79.8,44.7,Moderate Focus,Good Productivity
2026-07-18T03:16:54.593815,SESS_0080,24.8,51.1,462.9,61.9,Slight Lean,1,0,84.5,31.7,High Focus,Excellent Focus
2026-07-18T03:41:54.593815,SESS_0080,26.0,50.7,567.2,65.2,Good,1,1,94.9,19.8,High Focus,Excellent Focus
2026-07-18T04:06:54.593815,SESS_0080,26.8,55.9,483.2,18.7,Slight Lean,1,1,90.9,13.4,High Focus,Excellent Focus
2026-07-18T04:31:54.593815,SESS_0080,23.0,57.2,564.1,5.0,Slight Lean,1,0,86.7,16.7,High Focus,Excellent Focus
2026-07-18T04:56:54.593815,SESS_0080,25.2,49.7,499.0,91.1,Good,1,0,90.3,33.0,High Focus,Excellent Focus
2026-07-18T05:21:54.593815,SESS_0080,28.6,47.4,394.5,20.0,Poor,1,1,75.8,38.9,Moderate Focus,Good Productivity
2026-07-18T05:46:54.593815,SESS_0080,23.4,53.3,458.9,5.0,Good,1,1,94.4,7.6,High Focus,Excellent Focus
2026-07-18T06:11:54.593815,SESS_0080,23.8,50.4,524.7,86.5,Slight Lean,1,0,83.9,37.4,High Focus,Excellent Focus
2026-07-18T06:36:54.593815,SESS_0080,22.4,54.7,475.7,57.6,Good,1,1,98.4,16.2,High Focus,Excellent Focus
2026-07-18T07:01:54.593815,SESS_0080,25.6,50.3,494.9,30.2,Good,1,1,100.0,8.0,High Focus,Excellent Focus
2026-07-18T07:26:54.593815,SESS_0080,21.5,47.7,570.6,50.1,Moderate Lean,1,1,85.1,27.5,High Focus,Excellent Focus
2026-07-18T07:51:54.593815,SESS_0080,21.4,46.9,425.2,40.9,Poor,1,1,79.6,42.3,Moderate Focus,Good Productivity
2026-07-18T08:16:54.593815,SESS_0080,25.9,50.1,461.6,120.1,Good,1,1,89.5,35.5,High Focus,Excellent Focus
2026-07-18T08:41:54.593815,SESS_0080,24.6,50.1,514.2,13.3,Slight Lean,1,1,93.9,11.1,High Focus,Excellent Focus
2026-07-18T09:06:54.593815,SESS_0080,26.2,45.3,445.1,66.2,Moderate Lean,1,1,83.7,34.9,High Focus,Excellent Focus
2026-07-28T14:15:18.264943,SESS_20260728_141518,0.0,0.0,0.0,0.1,Good,0,0,0.0,0.0,Inactive,User Absent
2026-07-28T14:15:23.271994,SESS_20260728_141523,0.0,0.0,0.0,0.2,Poor,1,0,76.0,36.1,Good Productivity,Sit Straight
2026-07-28T14:15:28.284849,SESS_20260728_141528,0.0,0.0,0.0,0.3,Good,0,0,0.0,0.0,Inactive,User Absent
2026-07-28T14:15:33.354452,SESS_20260728_141533,0.0,0.0,0.0,0.3,Good,1,0,87.1,13.0,Excellent Focus,Increase Room Light
2026-07-28T14:15:38.423744,SESS_20260728_141538,0.0,0.0,0.0,0.4,Good,0,0,0.0,0.0,Inactive,User Absent
2026-07-28T14:15:43.605037,SESS_20260728_141543,0.0,0.0,0.0,0.5,Moderate Lean,1,0,76.1,24.0,Good Productivity,Increase Room Light
2026-07-28T14:15:48.689332,SESS_20260728_141548,0.0,0.0,0.0,0.6,Good,0,0,0.0,0.0,Inactive,User Absent
